Year,Publication date,Publication Date,Training compute (petaFLOP),FLOP/s,Number of AI projects (in millions),Number of GitHub stars (in millions),Number of AI patents granted (in thousands),Training cost (inflation-adjusted) in U.S. dollars,Number of cumulative GitHub stars (in millions),C02eq_emissions,CO2 equivalent emissions (tons),Parameters
2013.0,,,,,,,,,,,,
2014.0,,,,,,,,,,,,
2015.0,,,,,,,,,,,,
2016.0,,,,,,,,,,,,
2017.0,,,,,,,,,,,,
2018.0,,,,,,,,,,,,
2019.0,,,,,,,,,,,,
2020.0,,,,,,,,,,,,
2021.0,,,,,,,,,,,,
2022.0,,,,,,,,,,,,
2023.0,,,,,,,,,,,,
2013.0,,,,,,,,,,,,
2014.0,,,,,,,,,,,,
2015.0,,,,,,,,,,,,
2016.0,,,,,,,,,,,,
2017.0,,,,,,,,,,,,
2018.0,,,,,,,,,,,,
2019.0,,,,,,,,,,,,
2020.0,,,,,,,,,,,,
2021.0,,,,,,,,,,,,
2022.0,,,,,,,,,,,,
2023.0,,,,,,,,,,,,
2013.0,,,,,,,,,,,,
2014.0,,,,,,,,,,,,
2015.0,,,,,,,,,,,,
2016.0,,,,,,,,,,,,
2017.0,,,,,,,,,,,,
2018.0,,,,,,,,,,,,
2019.0,,,,,,,,,,,,
2020.0,,,,,,,,,,,,
2021.0,,,,,,,,,,,,
2022.0,,,,,,,,,,,,
2023.0,,,,,,,,,,,,
2013.0,,,,,,,,,,,,
2014.0,,,,,,,,,,,,
2015.0,,,,,,,,,,,,
2016.0,,,,,,,,,,,,
2017.0,,,,,,,,,,,,
2018.0,,,,,,,,,,,,
2019.0,,,,,,,,,,,,
2020.0,,,,,,,,,,,,
2021.0,,,,,,,,,,,,
2022.0,,,,,,,,,,,,
2023.0,,,,,,,,,,,,
2013.0,,,,,,,,,,,,
2014.0,,,,,,,,,,,,
2015.0,,,,,,,,,,,,
2016.0,,,,,,,,,,,,
2017.0,,,,,,,,,,,,
2018.0,,,,,,,,,,,,
2019.0,,,,,,,,,,,,
2020.0,,,,,,,,,,,,
2021.0,,,,,,,,,,,,
2022.0,,,,,,,,,,,,
2023.0,,,,,,,,,,,,
2013.0,,,,,,,,,,,,
2014.0,,,,,,,,,,,,
2015.0,,,,,,,,,,,,
2016.0,,,,,,,,,,,,
2017.0,,,,,,,,,,,,
2018.0,,,,,,,,,,,,
2019.0,,,,,,,,,,,,
2020.0,,,,,,,,,,,,
2021.0,,,,,,,,,,,,
2022.0,,,,,,,,,,,,
2023.0,,,,,,,,,,,,
2013.0,,,,,,,,,,,,
2014.0,,,,,,,,,,,,
2015.0,,,,,,,,,,,,
2016.0,,,,,,,,,,,,
2017.0,,,,,,,,,,,,
2018.0,,,,,,,,,,,,
2019.0,,,,,,,,,,,,
2020.0,,,,,,,,,,,,
2021.0,,,,,,,,,,,,
2022.0,,,,,,,,,,,,
2023.0,,,,,,,,,,,,
2013.0,,,,,,,,,,,,
2014.0,,,,,,,,,,,,
2015.0,,,,,,,,,,,,
2016.0,,,,,,,,,,,,
2017.0,,,,,,,,,,,,
2018.0,,,,,,,,,,,,
2019.0,,,,,,,,,,,,
2020.0,,,,,,,,,,,,
2021.0,,,,,,,,,,,,
2022.0,,,,,,,,,,,,
2023.0,,,,,,,,,,,,
2013.0,,,,,,,,,,,,
2014.0,,,,,,,,,,,,
2015.0,,,,,,,,,,,,
2016.0,,,,,,,,,,,,
2017.0,,,,,,,,,,,,
2018.0,,,,,,,,,,,,
2019.0,,,,,,,,,,,,
2020.0,,,,,,,,,,,,
2021.0,,,,,,,,,,,,
2022.0,,,,,,,,,,,,
2023.0,,,,,,,,,,,,
2013.0,,,,,,,,,,,,
2014.0,,,,,,,,,,,,
2015.0,,,,,,,,,,,,
2016.0,,,,,,,,,,,,
2017.0,,,,,,,,,,,,
2018.0,,,,,,,,,,,,
2019.0,,,,,,,,,,,,
2020.0,,,,,,,,,,,,
2021.0,,,,,,,,,,,,
2022.0,,,,,,,,,,,,
2023.0,,,,,,,,,,,,
2013.0,,,,,,,,,,,,
2014.0,,,,,,,,,,,,
2015.0,,,,,,,,,,,,
2016.0,,,,,,,,,,,,
2017.0,,,,,,,,,,,,
2018.0,,,,,,,,,,,,
2019.0,,,,,,,,,,,,
2020.0,,,,,,,,,,,,
2021.0,,,,,,,,,,,,
2022.0,,,,,,,,,,,,
2023.0,,,,,,,,,,,,
,,,,,,,,,,,,
,,,,,,,,,,,,
,,,,,,,,,,,,
,,,,,,,,,,,,
,,,,,,,,,,,,
,,,,,,,,,,,,
,,,,,,,,,,,,
,,,,,,,,,,,,
,,,,,,,,,,,,
,,,,,,,,,,,,
,,,,,,,,,,,,
,,,,,,,,,,,,
,,,,,,,,,,,,
,,,,,,,,,,,,
,,,,,,,,,,,,
,,,,,,,,,,,,
,,,,,,,,,,,,
,,,,,,,,,,,,
,,,,,,,,,,,,
,,,,,,,,,,,,
,,,,,,,,,,,,
,,,,,,,,,,,,
,,,,,,,,,,,,
,,,,,,,,,,,,
,,,,,,,,,,,,
,,,,,,,,,,,,
,,,,,,,,,,,,
,,,,,,,,,,,,
,,,,,,,,,,,,
,,,,,,,,,,,,
,,,,,,,,,,,,
,,,,,,,,,,,,
,,,,,,,,,,,,
,,,,,,,,,,,,
,,,,,,,,,,,,
,,,,,,,,,,,,
,,,,,,,,,,,,
,,,,,,,,,,,,
,,,,,,,,,,,,
,,,,,,,,,,,,
,,,,,,,,,,,,
,,,,,,,,,,,,
,,,,,,,,,,,,
,,,,,,,,,,,,
,,,,,,,,,,,,
,,,,,,,,,,,,
,,,,,,,,,,,,
,,,,,,,,,,,,
,,,,,,,,,,,,
,,,,,,,,,,,,
,,,,,,,,,,,,
,,,,,,,,,,,,
,,,,,,,,,,,,
,,,,,,,,,,,,
,,,,,,,,,,,,
,,,,,,,,,,,,
,,,,,,,,,,,,
,,,,,,,,,,,,
,,,,,,,,,,,,
,,,,,,,,,,,,
,,,,,,,,,,,,
,,,,,,,,,,,,
,,,,,,,,,,,,
,,,,,,,,,,,,
,,,,,,,,,,,,
,,,,,,,,,,,,
,,,,,,,,,,,,
,,,,,,,,,,,,
,,,,,,,,,,,,
,,,,,,,,,,,,
,,,,,,,,,,,,
2013.0,,,,,,,,,,,,
2014.0,,,,,,,,,,,,
2015.0,,,,,,,,,,,,
2016.0,,,,,,,,,,,,
2017.0,,,,,,,,,,,,
2018.0,,,,,,,,,,,,
2019.0,,,,,,,,,,,,
2020.0,,,,,,,,,,,,
2021.0,,,,,,,,,,,,
2022.0,,,,,,,,,,,,
2023.0,,,,,,,,,,,,
2013.0,,,,,,,,,,,,
2014.0,,,,,,,,,,,,
2015.0,,,,,,,,,,,,
2016.0,,,,,,,,,,,,
2017.0,,,,,,,,,,,,
2018.0,,,,,,,,,,,,
2019.0,,,,,,,,,,,,
2020.0,,,,,,,,,,,,
2021.0,,,,,,,,,,,,
2022.0,,,,,,,,,,,,
2023.0,,,,,,,,,,,,
2013.0,,,,,,,,,,,,
2014.0,,,,,,,,,,,,
2015.0,,,,,,,,,,,,
2016.0,,,,,,,,,,,,
2017.0,,,,,,,,,,,,
2018.0,,,,,,,,,,,,
2019.0,,,,,,,,,,,,
2020.0,,,,,,,,,,,,
2021.0,,,,,,,,,,,,
2022.0,,,,,,,,,,,,
2023.0,,,,,,,,,,,,
2013.0,,,,,,,,,,,,
2014.0,,,,,,,,,,,,
2015.0,,,,,,,,,,,,
2016.0,,,,,,,,,,,,
2017.0,,,,,,,,,,,,
2018.0,,,,,,,,,,,,
2019.0,,,,,,,,,,,,
2020.0,,,,,,,,,,,,
2021.0,,,,,,,,,,,,
2022.0,,,,,,,,,,,,
2023.0,,,,,,,,,,,,
2013.0,,,,,,,,,,,,
2014.0,,,,,,,,,,,,
2015.0,,,,,,,,,,,,
2016.0,,,,,,,,,,,,
2017.0,,,,,,,,,,,,
2018.0,,,,,,,,,,,,
2019.0,,,,,,,,,,,,
2020.0,,,,,,,,,,,,
2021.0,,,,,,,,,,,,
2022.0,,,,,,,,,,,,
2023.0,,,,,,,,,,,,
2013.0,,,,,,,,,,,,
2014.0,,,,,,,,,,,,
2015.0,,,,,,,,,,,,
2016.0,,,,,,,,,,,,
2017.0,,,,,,,,,,,,
2018.0,,,,,,,,,,,,
2019.0,,,,,,,,,,,,
2020.0,,,,,,,,,,,,
2021.0,,,,,,,,,,,,
2022.0,,,,,,,,,,,,
2023.0,,,,,,,,,,,,
2013.0,,,,,,,,,,,,
2014.0,,,,,,,,,,,,
2015.0,,,,,,,,,,,,
2016.0,,,,,,,,,,,,
2017.0,,,,,,,,,,,,
2018.0,,,,,,,,,,,,
2019.0,,,,,,,,,,,,
2020.0,,,,,,,,,,,,
2021.0,,,,,,,,,,,,
2022.0,,,,,,,,,,,,
2023.0,,,,,,,,,,,,
2013.0,,,,,,,,,,,,
2014.0,,,,,,,,,,,,
2015.0,,,,,,,,,,,,
2016.0,,,,,,,,,,,,
2017.0,,,,,,,,,,,,
2018.0,,,,,,,,,,,,
2019.0,,,,,,,,,,,,
2020.0,,,,,,,,,,,,
2021.0,,,,,,,,,,,,
2022.0,,,,,,,,,,,,
2023.0,,,,,,,,,,,,
2013.0,,,,,,,,,,,,
2014.0,,,,,,,,,,,,
2015.0,,,,,,,,,,,,
2016.0,,,,,,,,,,,,
2017.0,,,,,,,,,,,,
2018.0,,,,,,,,,,,,
2019.0,,,,,,,,,,,,
2020.0,,,,,,,,,,,,
2021.0,,,,,,,,,,,,
2022.0,,,,,,,,,,,,
2023.0,,,,,,,,,,,,
2013.0,,,,,,,,,,,,
2014.0,,,,,,,,,,,,
2015.0,,,,,,,,,,,,
2016.0,,,,,,,,,,,,
2017.0,,,,,,,,,,,,
2018.0,,,,,,,,,,,,
2019.0,,,,,,,,,,,,
2020.0,,,,,,,,,,,,
2021.0,,,,,,,,,,,,
2022.0,,,,,,,,,,,,
2023.0,,,,,,,,,,,,
2013.0,,,,,,,,,,,,
2014.0,,,,,,,,,,,,
2015.0,,,,,,,,,,,,
2016.0,,,,,,,,,,,,
2017.0,,,,,,,,,,,,
2018.0,,,,,,,,,,,,
2019.0,,,,,,,,,,,,
2020.0,,,,,,,,,,,,
2021.0,,,,,,,,,,,,
2022.0,,,,,,,,,,,,
2023.0,,,,,,,,,,,,
2013.0,,,,,,,,,,,,
2014.0,,,,,,,,,,,,
2015.0,,,,,,,,,,,,
2016.0,,,,,,,,,,,,
2017.0,,,,,,,,,,,,
2018.0,,,,,,,,,,,,
2019.0,,,,,,,,,,,,
2020.0,,,,,,,,,,,,
2021.0,,,,,,,,,,,,
2022.0,,,,,,,,,,,,
2023.0,,,,,,,,,,,,
2013.0,,,,,,,,,,,,
2014.0,,,,,,,,,,,,
2015.0,,,,,,,,,,,,
2016.0,,,,,,,,,,,,
2017.0,,,,,,,,,,,,
2018.0,,,,,,,,,,,,
2019.0,,,,,,,,,,,,
2020.0,,,,,,,,,,,,
2021.0,,,,,,,,,,,,
2022.0,,,,,,,,,,,,
2023.0,,,,,,,,,,,,
2013.0,,,,,,,,,,,,
2014.0,,,,,,,,,,,,
2015.0,,,,,,,,,,,,
2016.0,,,,,,,,,,,,
2017.0,,,,,,,,,,,,
2018.0,,,,,,,,,,,,
2019.0,,,,,,,,,,,,
2020.0,,,,,,,,,,,,
2021.0,,,,,,,,,,,,
2022.0,,,,,,,,,,,,
2023.0,,,,,,,,,,,,
2013.0,,,,,,,,,,,,
2014.0,,,,,,,,,,,,
2015.0,,,,,,,,,,,,
2016.0,,,,,,,,,,,,
2017.0,,,,,,,,,,,,
2018.0,,,,,,,,,,,,
2019.0,,,,,,,,,,,,
2020.0,,,,,,,,,,,,
2021.0,,,,,,,,,,,,
2022.0,,,,,,,,,,,,
2023.0,,,,,,,,,,,,
2013.0,,,,,,,,,,,,
2014.0,,,,,,,,,,,,
2015.0,,,,,,,,,,,,
2016.0,,,,,,,,,,,,
2017.0,,,,,,,,,,,,
2018.0,,,,,,,,,,,,
2019.0,,,,,,,,,,,,
2020.0,,,,,,,,,,,,
2021.0,,,,,,,,,,,,
2022.0,,,,,,,,,,,,
2023.0,,,,,,,,,,,,
2013.0,,,,,,,,,,,,
2014.0,,,,,,,,,,,,
2015.0,,,,,,,,,,,,
2016.0,,,,,,,,,,,,
2017.0,,,,,,,,,,,,
2018.0,,,,,,,,,,,,
2019.0,,,,,,,,,,,,
2020.0,,,,,,,,,,,,
2021.0,,,,,,,,,,,,
2022.0,,,,,,,,,,,,
2023.0,,,,,,,,,,,,
2013.0,,,,,,,,,,,,
2014.0,,,,,,,,,,,,
2015.0,,,,,,,,,,,,
2016.0,,,,,,,,,,,,
2017.0,,,,,,,,,,,,
2018.0,,,,,,,,,,,,
2019.0,,,,,,,,,,,,
2020.0,,,,,,,,,,,,
2021.0,,,,,,,,,,,,
2022.0,,,,,,,,,,,,
2023.0,,,,,,,,,,,,
2013.0,,,,,,,,,,,,
2014.0,,,,,,,,,,,,
2015.0,,,,,,,,,,,,
2016.0,,,,,,,,,,,,
2017.0,,,,,,,,,,,,
2018.0,,,,,,,,,,,,
2019.0,,,,,,,,,,,,
2020.0,,,,,,,,,,,,
2021.0,,,,,,,,,,,,
2022.0,,,,,,,,,,,,
2023.0,,,,,,,,,,,,
2013.0,,,,,,,,,,,,
2014.0,,,,,,,,,,,,
2015.0,,,,,,,,,,,,
2016.0,,,,,,,,,,,,
2017.0,,,,,,,,,,,,
2018.0,,,,,,,,,,,,
2019.0,,,,,,,,,,,,
2020.0,,,,,,,,,,,,
2021.0,,,,,,,,,,,,
2022.0,,,,,,,,,,,,
2023.0,,,,,,,,,,,,
2013.0,,,,,,,,,,,,
2014.0,,,,,,,,,,,,
2015.0,,,,,,,,,,,,
2016.0,,,,,,,,,,,,
2017.0,,,,,,,,,,,,
2018.0,,,,,,,,,,,,
2019.0,,,,,,,,,,,,
2020.0,,,,,,,,,,,,
2021.0,,,,,,,,,,,,
2022.0,,,,,,,,,,,,
2023.0,,,,,,,,,,,,
2013.0,,,,,,,,,,,,
2014.0,,,,,,,,,,,,
2015.0,,,,,,,,,,,,
2016.0,,,,,,,,,,,,
2017.0,,,,,,,,,,,,
2018.0,,,,,,,,,,,,
2019.0,,,,,,,,,,,,
2020.0,,,,,,,,,,,,
2021.0,,,,,,,,,,,,
2022.0,,,,,,,,,,,,
2023.0,,,,,,,,,,,,
2013.0,,,,,,,,,,,,
2014.0,,,,,,,,,,,,
2015.0,,,,,,,,,,,,
2016.0,,,,,,,,,,,,
2017.0,,,,,,,,,,,,
2018.0,,,,,,,,,,,,
2019.0,,,,,,,,,,,,
2020.0,,,,,,,,,,,,
2021.0,,,,,,,,,,,,
2022.0,,,,,,,,,,,,
2023.0,,,,,,,,,,,,
2013.0,,,,,,,,,,,,
2014.0,,,,,,,,,,,,
2015.0,,,,,,,,,,,,
2016.0,,,,,,,,,,,,
2017.0,,,,,,,,,,,,
2018.0,,,,,,,,,,,,
2019.0,,,,,,,,,,,,
2020.0,,,,,,,,,,,,
2021.0,,,,,,,,,,,,
2022.0,,,,,,,,,,,,
2023.0,,,,,,,,,,,,
2013.0,,,,,,,,,,,,
2014.0,,,,,,,,,,,,
2015.0,,,,,,,,,,,,
2016.0,,,,,,,,,,,,
2017.0,,,,,,,,,,,,
2018.0,,,,,,,,,,,,
2019.0,,,,,,,,,,,,
2020.0,,,,,,,,,,,,
2021.0,,,,,,,,,,,,
2022.0,,,,,,,,,,,,
2023.0,,,,,,,,,,,,
2013.0,,,,,,,,,,,,
2014.0,,,,,,,,,,,,
2015.0,,,,,,,,,,,,
2016.0,,,,,,,,,,,,
2017.0,,,,,,,,,,,,
2018.0,,,,,,,,,,,,
2019.0,,,,,,,,,,,,
2020.0,,,,,,,,,,,,
2021.0,,,,,,,,,,,,
2022.0,,,,,,,,,,,,
2023.0,,,,,,,,,,,,
2013.0,,,,,,,,,,,,
2014.0,,,,,,,,,,,,
2015.0,,,,,,,,,,,,
2016.0,,,,,,,,,,,,
2017.0,,,,,,,,,,,,
2018.0,,,,,,,,,,,,
2019.0,,,,,,,,,,,,
2020.0,,,,,,,,,,,,
2021.0,,,,,,,,,,,,
2022.0,,,,,,,,,,,,
2023.0,,,,,,,,,,,,
2013.0,,,,,,,,,,,,
2014.0,,,,,,,,,,,,
2015.0,,,,,,,,,,,,
2016.0,,,,,,,,,,,,
2017.0,,,,,,,,,,,,
2018.0,,,,,,,,,,,,
2019.0,,,,,,,,,,,,
2020.0,,,,,,,,,,,,
2021.0,,,,,,,,,,,,
2022.0,,,,,,,,,,,,
2023.0,,,,,,,,,,,,
2013.0,,,,,,,,,,,,
2014.0,,,,,,,,,,,,
2015.0,,,,,,,,,,,,
2016.0,,,,,,,,,,,,
2017.0,,,,,,,,,,,,
2018.0,,,,,,,,,,,,
2019.0,,,,,,,,,,,,
2020.0,,,,,,,,,,,,
2021.0,,,,,,,,,,,,
2022.0,,,,,,,,,,,,
2023.0,,,,,,,,,,,,
2013.0,,,,,,,,,,,,
2014.0,,,,,,,,,,,,
2015.0,,,,,,,,,,,,
2016.0,,,,,,,,,,,,
2017.0,,,,,,,,,,,,
2018.0,,,,,,,,,,,,
2019.0,,,,,,,,,,,,
2020.0,,,,,,,,,,,,
2021.0,,,,,,,,,,,,
2022.0,,,,,,,,,,,,
2023.0,,,,,,,,,,,,
2013.0,,,,,,,,,,,,
2014.0,,,,,,,,,,,,
2015.0,,,,,,,,,,,,
2016.0,,,,,,,,,,,,
2017.0,,,,,,,,,,,,
2018.0,,,,,,,,,,,,
2019.0,,,,,,,,,,,,
2020.0,,,,,,,,,,,,
2021.0,,,,,,,,,,,,
2022.0,,,,,,,,,,,,
2023.0,,,,,,,,,,,,
2013.0,,,,,,,,,,,,
2014.0,,,,,,,,,,,,
2015.0,,,,,,,,,,,,
2016.0,,,,,,,,,,,,
2017.0,,,,,,,,,,,,
2018.0,,,,,,,,,,,,
2019.0,,,,,,,,,,,,
2020.0,,,,,,,,,,,,
2021.0,,,,,,,,,,,,
2022.0,,,,,,,,,,,,
2023.0,,,,,,,,,,,,
2013.0,,,,,,,,,,,,
2014.0,,,,,,,,,,,,
2015.0,,,,,,,,,,,,
2016.0,,,,,,,,,,,,
2017.0,,,,,,,,,,,,
2018.0,,,,,,,,,,,,
2019.0,,,,,,,,,,,,
2020.0,,,,,,,,,,,,
2021.0,,,,,,,,,,,,
2022.0,,,,,,,,,,,,
2023.0,,,,,,,,,,,,
2013.0,,,,,,,,,,,,
2014.0,,,,,,,,,,,,
2015.0,,,,,,,,,,,,
2016.0,,,,,,,,,,,,
2017.0,,,,,,,,,,,,
2018.0,,,,,,,,,,,,
2019.0,,,,,,,,,,,,
2020.0,,,,,,,,,,,,
2021.0,,,,,,,,,,,,
2022.0,,,,,,,,,,,,
2023.0,,,,,,,,,,,,
2013.0,,,,,,,,,,,,
2014.0,,,,,,,,,,,,
2015.0,,,,,,,,,,,,
2016.0,,,,,,,,,,,,
2017.0,,,,,,,,,,,,
2018.0,,,,,,,,,,,,
2019.0,,,,,,,,,,,,
2020.0,,,,,,,,,,,,
2021.0,,,,,,,,,,,,
2022.0,,,,,,,,,,,,
2023.0,,,,,,,,,,,,
2013.0,,,,,,,,,,,,
2014.0,,,,,,,,,,,,
2015.0,,,,,,,,,,,,
2016.0,,,,,,,,,,,,
2017.0,,,,,,,,,,,,
2018.0,,,,,,,,,,,,
2019.0,,,,,,,,,,,,
2020.0,,,,,,,,,,,,
2021.0,,,,,,,,,,,,
2022.0,,,,,,,,,,,,
2023.0,,,,,,,,,,,,
2013.0,,,,,,,,,,,,
2014.0,,,,,,,,,,,,
2015.0,,,,,,,,,,,,
2016.0,,,,,,,,,,,,
2017.0,,,,,,,,,,,,
2018.0,,,,,,,,,,,,
2019.0,,,,,,,,,,,,
2020.0,,,,,,,,,,,,
2021.0,,,,,,,,,,,,
2022.0,,,,,,,,,,,,
2023.0,,,,,,,,,,,,
2013.0,,,,,,,,,,,,
2014.0,,,,,,,,,,,,
2015.0,,,,,,,,,,,,
2016.0,,,,,,,,,,,,
2017.0,,,,,,,,,,,,
2018.0,,,,,,,,,,,,
2019.0,,,,,,,,,,,,
2020.0,,,,,,,,,,,,
2021.0,,,,,,,,,,,,
2022.0,,,,,,,,,,,,
2023.0,,,,,,,,,,,,
2013.0,,,,,,,,,,,,
2014.0,,,,,,,,,,,,
2015.0,,,,,,,,,,,,
2016.0,,,,,,,,,,,,
2017.0,,,,,,,,,,,,
2018.0,,,,,,,,,,,,
2019.0,,,,,,,,,,,,
2020.0,,,,,,,,,,,,
2021.0,,,,,,,,,,,,
2022.0,,,,,,,,,,,,
2023.0,,,,,,,,,,,,
2013.0,,,,,,,,,,,,
2014.0,,,,,,,,,,,,
2015.0,,,,,,,,,,,,
2016.0,,,,,,,,,,,,
2017.0,,,,,,,,,,,,
2018.0,,,,,,,,,,,,
2019.0,,,,,,,,,,,,
2020.0,,,,,,,,,,,,
2021.0,,,,,,,,,,,,
2022.0,,,,,,,,,,,,
2023.0,,,,,,,,,,,,
,,,,,,,,,,,,
,,,,,,,,,,,,
,,,,,,,,,,,,
,,,,,,,,,,,,
,,,,,,,,,,,,
,,,,,,,,,,,,
,,,,,,,,,,,,
,,,,,,,,,,,,
,,,,,,,,,,,,
,,,,,,,,,,,,
,,,,,,,,,,,,
,,,,,,,,,,,,
2010.0,,,,,,,3.833,,,,,
2011.0,,,,,,,4.516,,,,,
2012.0,,,,,,,5.205,,,,,
2013.0,,,,,,,6.282,,,,,
2014.0,,,,,,,6.813,,,,,
2015.0,,,,,,,7.833,,,,,
2016.0,,,,,,,10.195,,,,,
2017.0,,,,,,,13.447,,,,,
2018.0,,,,,,,17.251,,,,,
2019.0,,,,,,,26.965,,,,,
2020.0,,,,,,,43.36,,,,,
2021.0,,,,,,,66.06,,,,,
2022.0,,,,,,,94.559,,,,,
2023.0,,,,,,,122.511,,,,,
2010.0,,,,,,,,,,,,
2011.0,,,,,,,,,,,,
2012.0,,,,,,,,,,,,
2013.0,,,,,,,,,,,,
2014.0,,,,,,,,,,,,
2015.0,,,,,,,,,,,,
2016.0,,,,,,,,,,,,
2017.0,,,,,,,,,,,,
2018.0,,,,,,,,,,,,
2019.0,,,,,,,,,,,,
2020.0,,,,,,,,,,,,
2021.0,,,,,,,,,,,,
2022.0,,,,,,,,,,,,
2023.0,,,,,,,,,,,,
2010.0,,,,,,,,,,,,
2011.0,,,,,,,,,,,,
2012.0,,,,,,,,,,,,
2013.0,,,,,,,,,,,,
2014.0,,,,,,,,,,,,
2015.0,,,,,,,,,,,,
2016.0,,,,,,,,,,,,
2017.0,,,,,,,,,,,,
2018.0,,,,,,,,,,,,
2019.0,,,,,,,,,,,,
2020.0,,,,,,,,,,,,
2021.0,,,,,,,,,,,,
2022.0,,,,,,,,,,,,
2023.0,,,,,,,,,,,,
2010.0,,,,,,,,,,,,
2011.0,,,,,,,,,,,,
2012.0,,,,,,,,,,,,
2013.0,,,,,,,,,,,,
2014.0,,,,,,,,,,,,
2015.0,,,,,,,,,,,,
2016.0,,,,,,,,,,,,
2017.0,,,,,,,,,,,,
2018.0,,,,,,,,,,,,
2019.0,,,,,,,,,,,,
2020.0,,,,,,,,,,,,
2021.0,,,,,,,,,,,,
2022.0,,,,,,,,,,,,
2023.0,,,,,,,,,,,,
2010.0,,,,,,,,,,,,
2011.0,,,,,,,,,,,,
2012.0,,,,,,,,,,,,
2013.0,,,,,,,,,,,,
2014.0,,,,,,,,,,,,
2015.0,,,,,,,,,,,,
2016.0,,,,,,,,,,,,
2017.0,,,,,,,,,,,,
2018.0,,,,,,,,,,,,
2019.0,,,,,,,,,,,,
2020.0,,,,,,,,,,,,
2021.0,,,,,,,,,,,,
2022.0,,,,,,,,,,,,
2023.0,,,,,,,,,,,,
2010.0,,,,,,,,,,,,
2011.0,,,,,,,,,,,,
2012.0,,,,,,,,,,,,
2013.0,,,,,,,,,,,,
2014.0,,,,,,,,,,,,
2015.0,,,,,,,,,,,,
2016.0,,,,,,,,,,,,
2017.0,,,,,,,,,,,,
2018.0,,,,,,,,,,,,
2019.0,,,,,,,,,,,,
2020.0,,,,,,,,,,,,
2021.0,,,,,,,,,,,,
2022.0,,,,,,,,,,,,
2023.0,,,,,,,,,,,,
2010.0,,,,,,,,,,,,
2011.0,,,,,,,,,,,,
2012.0,,,,,,,,,,,,
2013.0,,,,,,,,,,,,
2014.0,,,,,,,,,,,,
2015.0,,,,,,,,,,,,
2016.0,,,,,,,,,,,,
2017.0,,,,,,,,,,,,
2018.0,,,,,,,,,,,,
2019.0,,,,,,,,,,,,
2020.0,,,,,,,,,,,,
2021.0,,,,,,,,,,,,
2022.0,,,,,,,,,,,,
2023.0,,,,,,,,,,,,
2010.0,,,,,,,,,,,,
2011.0,,,,,,,,,,,,
2012.0,,,,,,,,,,,,
2013.0,,,,,,,,,,,,
2014.0,,,,,,,,,,,,
2015.0,,,,,,,,,,,,
2016.0,,,,,,,,,,,,
2017.0,,,,,,,,,,,,
2018.0,,,,,,,,,,,,
2019.0,,,,,,,,,,,,
2020.0,,,,,,,,,,,,
2021.0,,,,,,,,,,,,
2022.0,,,,,,,,,,,,
2023.0,,,,,,,,,,,,
2010.0,,,,,,,,,,,,
2011.0,,,,,,,,,,,,
2012.0,,,,,,,,,,,,
2013.0,,,,,,,,,,,,
2014.0,,,,,,,,,,,,
2015.0,,,,,,,,,,,,
2016.0,,,,,,,,,,,,
2017.0,,,,,,,,,,,,
2018.0,,,,,,,,,,,,
2019.0,,,,,,,,,,,,
2020.0,,,,,,,,,,,,
2021.0,,,,,,,,,,,,
2022.0,,,,,,,,,,,,
2023.0,,,,,,,,,,,,
2010.0,,,,,,,,,,,,
2011.0,,,,,,,,,,,,
2012.0,,,,,,,,,,,,
2013.0,,,,,,,,,,,,
2014.0,,,,,,,,,,,,
2015.0,,,,,,,,,,,,
2016.0,,,,,,,,,,,,
2017.0,,,,,,,,,,,,
2018.0,,,,,,,,,,,,
2019.0,,,,,,,,,,,,
2020.0,,,,,,,,,,,,
2021.0,,,,,,,,,,,,
2022.0,,,,,,,,,,,,
2023.0,,,,,,,,,,,,
2010.0,,,,,,,,,,,,
2011.0,,,,,,,,,,,,
2012.0,,,,,,,,,,,,
2013.0,,,,,,,,,,,,
2014.0,,,,,,,,,,,,
2015.0,,,,,,,,,,,,
2016.0,,,,,,,,,,,,
2017.0,,,,,,,,,,,,
2018.0,,,,,,,,,,,,
2019.0,,,,,,,,,,,,
2020.0,,,,,,,,,,,,
2021.0,,,,,,,,,,,,
2022.0,,,,,,,,,,,,
2023.0,,,,,,,,,,,,
2010.0,,,,,,,,,,,,
2011.0,,,,,,,,,,,,
2012.0,,,,,,,,,,,,
2013.0,,,,,,,,,,,,
2014.0,,,,,,,,,,,,
2015.0,,,,,,,,,,,,
2016.0,,,,,,,,,,,,
2017.0,,,,,,,,,,,,
2018.0,,,,,,,,,,,,
2019.0,,,,,,,,,,,,
2020.0,,,,,,,,,,,,
2021.0,,,,,,,,,,,,
2022.0,,,,,,,,,,,,
2023.0,,,,,,,,,,,,
2010.0,,,,,,,,,,,,
2011.0,,,,,,,,,,,,
2012.0,,,,,,,,,,,,
2013.0,,,,,,,,,,,,
2014.0,,,,,,,,,,,,
2015.0,,,,,,,,,,,,
2016.0,,,,,,,,,,,,
2017.0,,,,,,,,,,,,
2018.0,,,,,,,,,,,,
2019.0,,,,,,,,,,,,
2020.0,,,,,,,,,,,,
2021.0,,,,,,,,,,,,
2022.0,,,,,,,,,,,,
2023.0,,,,,,,,,,,,
2010.0,,,,,,,,,,,,
2011.0,,,,,,,,,,,,
2012.0,,,,,,,,,,,,
2013.0,,,,,,,,,,,,
2014.0,,,,,,,,,,,,
2015.0,,,,,,,,,,,,
2016.0,,,,,,,,,,,,
2017.0,,,,,,,,,,,,
2018.0,,,,,,,,,,,,
2019.0,,,,,,,,,,,,
2020.0,,,,,,,,,,,,
2021.0,,,,,,,,,,,,
2022.0,,,,,,,,,,,,
2023.0,,,,,,,,,,,,
,,,,,,,,,,,,
,,,,,,,,,,,,
,,,,,,,,,,,,
,,,,,,,,,,,,
,,,,,,,,,,,,
,,,,,,,,,,,,
,,,,,,,,,,,,
,,,,,,,,,,,,
,,,,,,,,,,,,
,,,,,,,,,,,,
,,,,,,,,,,,,
,,,,,,,,,,,,
,,,,,,,,,,,,
,,,,,,,,,,,,
,,,,,,,,,,,,
,,,,,,,,,,,,
,,,,,,,,,,,,
,,,,,,,,,,,,
,,,,,,,,,,,,
,,,,,,,,,,,,
,,,,,,,,,,,,
,,,,,,,,,,,,
,,,,,,,,,,,,
,,,,,,,,,,,,
,,,,,,,,,,,,
,,,,,,,,,,,,
,,,,,,,,,,,,
,,,,,,,,,,,,
,,,,,,,,,,,,
,,,,,,,,,,,,
,,,,,,,,,,,,
,,,,,,,,,,,,
,,,,,,,,,,,,
,,,,,,,,,,,,
,,,,,,,,,,,,
,,,,,,,,,,,,
,,,,,,,,,,,,
,,,,,,,,,,,,
,,,,,,,,,,,,
,,,,,,,,,,,,
,,,,,,,,,,,,
,,,,,,,,,,,,
,,,,,,,,,,,,
,,,,,,,,,,,,
,,,,,,,,,,,,
,,,,,,,,,,,,
,,,,,,,,,,,,
,,,,,,,,,,,,
,,,,,,,,,,,,
,,,,,,,,,,,,
,,,,,,,,,,,,
,,,,,,,,,,,,
,,,,,,,,,,,,
,,,,,,,,,,,,
,,,,,,,,,,,,
,,,,,,,,,,,,
,,,,,,,,,,,,
,,,,,,,,,,,,
,,,,,,,,,,,,
,,,,,,,,,,,,
,,,,,,,,,,,,
,,,,,,,,,,,,
,,,,,,,,,,,,
,,,,,,,,,,,,
,,,,,,,,,,,,
,,,,,,,,,,,,
,,,,,,,,,,,,
,,,,,,,,,,,,
,,,,,,,,,,,,
,,,,,,,,,,,,
,,,,,,,,,,,,
,,,,,,,,,,,,
,,,,,,,,,,,,
,,,,,,,,,,,,
,,,,,,,,,,,,
,,,,,,,,,,,,
,,,,,,,,,,,,
2014.0,,,,,,,,,,,,
2014.0,,,,,,,,,,,,
2014.0,,,,,,,,,,,,
2015.0,,,,,,,,,,,,
2015.0,,,,,,,,,,,,
2015.0,,,,,,,,,,,,
2016.0,,,,,,,,,,,,
2016.0,,,,,,,,,,,,
2016.0,,,,,,,,,,,,
2016.0,,,,,,,,,,,,
2017.0,,,,,,,,,,,,
2017.0,,,,,,,,,,,,
2017.0,,,,,,,,,,,,
2017.0,,,,,,,,,,,,
2018.0,,,,,,,,,,,,
2018.0,,,,,,,,,,,,
2018.0,,,,,,,,,,,,
2018.0,,,,,,,,,,,,
2019.0,,,,,,,,,,,,
2019.0,,,,,,,,,,,,
2019.0,,,,,,,,,,,,
2019.0,,,,,,,,,,,,
2019.0,,,,,,,,,,,,
2020.0,,,,,,,,,,,,
2020.0,,,,,,,,,,,,
2020.0,,,,,,,,,,,,
2020.0,,,,,,,,,,,,
2021.0,,,,,,,,,,,,
2021.0,,,,,,,,,,,,
2021.0,,,,,,,,,,,,
2021.0,,,,,,,,,,,,
2022.0,,,,,,,,,,,,
2022.0,,,,,,,,,,,,
2022.0,,,,,,,,,,,,
2022.0,,,,,,,,,,,,
2023.0,,,,,,,,,,,,
2023.0,,,,,,,,,,,,
2023.0,,,,,,,,,,,,
2023.0,,,,,,,,,,,,
2023.0,,,,,,,,,,,,
2024.0,,,,,,,,,,,,
2024.0,,,,,,,,,,,,
2024.0,,,,,,,,,,,,
2024.0,,,,,,,,,,,,
2024.0,,,,,,,,,,,,
,2023-12-29,,,,,,,,,,,
,2023-12-01,,,,,,,,,,,
,2023-11-13,,,,,,,,,,,
,2023-10-26,,,,,,,,,,,
,2023-10-07,,,,,,,,,,,
,2023-09-12,,,,,,,,,,,
,2023-06-27,,,,,,,,,,,
,2023-05-23,,,,,,,,,,,
,2023-03-29,,,,,,,,,,,
,2023-03-15,,,,,,,,,,,
,2023-03-02,,,,,,,,,,,
,2023-01-27,,,,,,,,,,,
,2023-01-16,,,,,,,,,,,
,2022-12-28,,,,,,,,,,,
,2022-12-19,,,,,,,,,,,
,2022-11-28,,,,,,,,,,,
,2022-11-14,,,,,,,,,,,
,2022-10-04,,,,,,,,,,,
,2022-08-04,,,,,,,,,,,
,2022-07-22,,,,,,,,,,,
,2022-05-29,,,,,,,,,,,
,2022-04-07,,,,,,,,,,,
,2022-02-26,,,,,,,,,,,
,2022-01-23,,,,,,,,,,,
,2022-01-22,,,,,,,,,,,
,2021-10-31,,,,,,,,,,,
,2021-10-27,,,,,,,,,,,
,2021-09-06,,,,,,,,,,,
,2021-08-15,,,,,,,,,,,
,2021-06-11,,,,,,,,,,,
,2021-05-20,,,,,,,,,,,
,2021-02-18,,,,,,,,,,,
,2020-12-01,,,,,,,,,,,
,2020-10-02,,,,,,,,,,,
,2020-09-01,,,,,,,,,,,
,2020-04-08,,,,,,,,,,,
,2020-03-17,,,,,,,,,,,
,2020-02-08,,,,,,,,,,,
,2019-12-05,,,,,,,,,,,
,2019-09-06,,,,,,,,,,,
,2019-07-22,,,,,,,,,,,
,2019-06-10,,,,,,,,,,,
,2019-06-04,,,,,,,,,,,
,2019-05-14,,,,,,,,,,,
,2019-04-17,,,,,,,,,,,
,2019-01-04,,,,,,,,,,,
,2018-11-15,,,,,,,,,,,
,2018-07-08,,,,,,,,,,,
,2018-05-03,,,,,,,,,,,
,2018-04-14,,,,,,,,,,,
,2018-04-08,,,,,,,,,,,
,2018-03-21,,,,,,,,,,,
,2018-01-18,,,,,,,,,,,
,2017-11-10,,,,,,,,,,,
,2017-10-31,,,,,,,,,,,
,2017-09-21,,,,,,,,,,,
,2017-09-06,,,,,,,,,,,
,2017-09-05,,,,,,,,,,,
,2017-08-29,,,,,,,,,,,
,2017-08-17,,,,,,,,,,,
,2017-08-14,,,,,,,,,,,
,2017-01-07,,,,,,,,,,,
,2017-01-06,,,,,,,,,,,
,2016-11-17,,,,,,,,,,,
,2016-10-28,,,,,,,,,,,
,2016-07-12,,,,,,,,,,,
,2016-04-30,,,,,,,,,,,
,2016-03-17,,,,,,,,,,,
,2016-02-24,,,,,,,,,,,
,2015-12-16,,,,,,,,,,,
,2015-08-26,,,,,,,,,,,
,2015-05-19,,,,,,,,,,,
,2015-02-19,,,,,,,,,,,
,2014-12-18,,,,,,,,,,,
,2014-11-07,,,,,,,,,,,
,2014-09-04,,,,,,,,,,,
,2014-09-04,,,,,,,,,,,
,2014-06-21,,,,,,,,,,,
,2014-06-01,,,,,,,,,,,
,2014-03-05,,,,,,,,,,,
,2014-01-01,,,,,,,,,,,
,2014-01-01,,,,,,,,,,,
,2013-12-20,,,,,,,,,,,
,2013-12-08,,,,,,,,,,,
,2013-11-11,,,,,,,,,,,
,2013-09-22,,,,,,,,,,,
,2013-08-04,,,,,,,,,,,
,2013-03-22,,,,,,,,,,,
,2012-09-30,,,,,,,,,,,
,2012-09-09,,,,,,,,,,,
,2012-09-01,,,,,,,,,,,
,2012-07-12,,,,,,,,,,,
,2012-06-03,,,,,,,,,,,
,2012-06-03,,,,,,,,,,,
,2012-02-13,,,,,,,,,,,
,2011-11-06,,,,,,,,,,,
,2011-06-19,,,,,,,,,,,
,2011-04-29,,,,,,,,,,,
,2010-09-26,,,,,,,,,,,
,2010-06-15,,,,,,,,,,,
,2010-05-13,,,,,,,,,,,
,2010-03-01,,,,,,,,,,,
,2009-06-15,,,,,,,,,,,
,2009-04-08,,,,,,,,,,,
,2008-12-10,,,,,,,,,,,
,2008-12-08,,,,,,,,,,,
,2008-12-08,,,,,,,,,,,
,2007-12-03,,,,,,,,,,,
,2006-07-18,,,,,,,,,,,
,2006-07-18,,,,,,,,,,,
,2006-06-25,,,,,,,,,,,
,2006-06-17,,,,,,,,,,,
,2005-12-05,,,,,,,,,,,
,2005-08-01,,,,,,,,,,,
,2005-06-01,,,,,,,,,,,
,2005-04-22,,,,,,,,,,,
,2004-06-27,,,,,,,,,,,
,2003-06-18,,,,,,,,,,,
,2003-05-01,,,,,,,,,,,
,2003-03-15,,,,,,,,,,,
,2024-12-24,,,,,,,,,,,
,2024-12-09,,,,,,,,,,,
,2024-12-06,,,,,,,,,,,
,2024-11-18,,,,,,,,,,,
,2024-11-06,,,,,,,,,,,
,2024-10-28,,,,,,,,,,,
,2024-10-22,,,,,,,,,,,
,2024-10-22,,,,,,,,,,,
,2024-10-22,,,,,,,,,,,
,2024-10-09,,,,,,,,,,,
,2024-10-04,,,,,,,,,,,
,2024-09-19,,,,,,,,,,,
,2024-09-19,,,,,,,,,,,
,2024-09-17,,,,,,,,,,,
,2024-08-22,,,,,,,,,,,
,2024-08-07,,,,,,,,,,,
,2024-07-29,,,,,,,,,,,
,2024-07-24,,,,,,,,,,,
,2024-07-23,,,,,,,,,,,
,2024-06-17,,,,,,,,,,,
,2024-06-14,,,,,,,,,,,
,2024-06-07,,,,,,,,,,,
,2024-04-18,,,,,,,,,,,
,2024-04-15,,,,,,,,,,,
,2024-03-29,,,,,,,,,,,
,2024-03-27,,,,,,,,,,,
,2024-03-14,,,,,,,,,,,
,2024-02-04,,,,,,,,,,,
,2024-01-25,,,,,,,,,,,
,2024-01-01,,,,,,,,,,,
,2023-12-19,,,,,,,,,,,
,2023-12-19,,,,,,,,,,,
,2023-12-14,,,,,,,,,,,
,2023-12-11,,,,,,,,,,,
,2023-12-07,,,,,,,,,,,
,2023-11-30,,,,,,,,,,,
,2023-11-29,,,,,,,,,,,
,2023-11-29,,,,,,,,,,,
,2023-11-15,,,,,,,,,,,
,2023-11-14,,,,,,,,,,,
,2023-11-07,,,,,,,,,,,
,2023-11-04,,,,,,,,,,,
,2023-11-02,,,,,,,,,,,
,2023-10-30,,,,,,,,,,,
,2023-10-27,,,,,,,,,,,
,2023-10-26,,,,,,,,,,,
,2023-10-13,,,,,,,,,,,
,2023-09-28,,,,,,,,,,,
,2023-09-22,,,,,,,,,,,
,2023-08-30,,,,,,,,,,,
,2023-08-24,,,,,,,,,,,
,2023-07-28,,,,,,,,,,,
,2023-07-26,,,,,,,,,,,
,2023-07-18,,,,,,,,,,,
,2023-07-18,,,,,,,,,,,
,2023-07-05,,,,,,,,,,,
,2023-07-04,,,,,,,,,,,
,2023-06-20,,,,,,,,,,,
,2023-06-08,,,,,,,,,,,
,2023-05-29,,,,,,,,,,,
,2023-05-20,,,,,,,,,,,
,2023-05-10,,,,,,,,,,,
,2023-05-09,,,,,,,,,,,
,2023-04-05,,,,,,,,,,,
,2023-03-20,,,,,,,,,,,
,2023-02-24,,,,,,,,,,,
,2023-02-10,,,,,,,,,,,
,2023-01-30,,,,,,,,,,,
,2023-01-30,,,,,,,,,,,
,2023-01-26,,,,,,,,,,,
,2023-01-05,,,,,,,,,,,
,2022-12-13,,,,,,,,,,,
,2022-11-30,,,,,,,,,,,
,2022-11-18,,,,,,,,,,,
,2022-11-16,,,,,,,,,,,
,2022-11-03,,,,,,,,,,,
,2022-11-03,,,,,,,,,,,
,2022-11-02,,,,,,,,,,,
,2022-10-20,,,,,,,,,,,
,2022-10-20,,,,,,,,,,,
,2022-10-20,,,,,,,,,,,
,2022-09-21,,,,,,,,,,,
,2022-09-14,,,,,,,,,,,
,2022-08-22,,,,,,,,,,,
,2022-08-02,,,,,,,,,,,
,2022-07-06,,,,,,,,,,,
,2022-07-05,,,,,,,,,,,
,2022-06-29,,,,,,,,,,,
,2022-06-22,,,,,,,,,,,
,2022-06-14,,,,,,,,,,,
,2022-05-23,,,,,,,,,,,
,2022-05-12,,,,,,,,,,,
,2022-05-10,,,,,,,,,,,
,2022-05-04,,,,,,,,,,,
,2022-05-02,,,,,,,,,,,
,2022-04-29,,,,,,,,,,,
,2022-04-14,,,,,,,,,,,
,2022-04-06,,,,,,,,,,,
,2022-04-04,,,,,,,,,,,
,2022-03-29,,,,,,,,,,,
,2022-03-02,,,,,,,,,,,
,2022-03-01,,,,,,,,,,,
,2022-02-17,,,,,,,,,,,
,2022-02-10,,,,,,,,,,,
,2022-02-07,,,,,,,,,,,
,2022-02-02,,,,,,,,,,,
,2022-01-27,,,,,,,,,,,
,2022-01-27,,,,,,,,,,,
,2022-01-27,,,,,,,,,,,
,2022-01-20,,,,,,,,,,,
,2022-01-20,,,,,,,,,,,
,2022-01-20,,,,,,,,,,,
,2021-12-31,,,,,,,,,,,
,2021-12-20,,,,,,,,,,,
,2021-12-20,,,,,,,,,,,
,2021-12-15,,,,,,,,,,,
,2021-12-13,,,,,,,,,,,
,2021-12-08,,,,,,,,,,,
,2021-11-22,,,,,,,,,,,
,2021-11-19,,,,,,,,,,,
,2021-11-18,,,,,,,,,,,
,2021-11-15,,,,,,,,,,,
,2021-11-11,,,,,,,,,,,
,2021-10-12,,,,,,,,,,,
,2021-10-11,,,,,,,,,,,
,2021-09-20,,,,,,,,,,,
,2021-09-10,,,,,,,,,,,
,2021-09-04,,,,,,,,,,,
,2021-09-03,,,,,,,,,,,
,2021-08-17,,,,,,,,,,,
,2021-08-11,,,,,,,,,,,
,2021-08-06,,,,,,,,,,,
,2021-07-27,,,,,,,,,,,
,2021-07-27,,,,,,,,,,,
,2021-07-07,,,,,,,,,,,
,2021-07-05,,,,,,,,,,,
,2021-06-23,,,,,,,,,,,
,2021-06-11,,,,,,,,,,,
,2021-06-10,,,,,,,,,,,
,2021-06-09,,,,,,,,,,,
,2021-06-08,,,,,,,,,,,
,2021-05-28,,,,,,,,,,,
,2021-05-26,,,,,,,,,,,
,2021-05-11,,,,,,,,,,,
,2021-04-19,,,,,,,,,,,
,2021-03-05,,,,,,,,,,,
,2021-03-05,,,,,,,,,,,
,2021-03-01,,,,,,,,,,,
,2021-02-24,,,,,,,,,,,
,2021-01-11,,,,,,,,,,,
,2021-01-10,,,,,,,,,,,
,2021-01-05,,,,,,,,,,,
,2021-01-05,,,,,,,,,,,
,2021-01-05,,,,,,,,,,,
,2020-12-31,,,,,,,,,,,
,2020-11-30,,,,,,,,,,,
,2020-10-26,,,,,,,,,,,
,2020-10-22,,,,,,,,,,,
,2020-10-22,,,,,,,,,,,
,2020-10-22,,,,,,,,,,,
,2020-10-20,,,,,,,,,,,
,2020-10-20,,,,,,,,,,,
,2020-08-06,,,,,,,,,,,
,2020-07-27,,,,,,,,,,,
,2020-06-30,,,,,,,,,,,
,2020-06-17,,,,,,,,,,,
,2020-06-17,,,,,,,,,,,
,2020-05-28,,,,,,,,,,,
,2020-05-26,,,,,,,,,,,
,2020-05-16,,,,,,,,,,,
,2020-05-07,,,,,,,,,,,
,2020-03-12,,,,,,,,,,,
,2020-02-13,,,,,,,,,,,
,2020-02-13,,,,,,,,,,,
,2020-02-08,,,,,,,,,,,
,2020-01-28,,,,,,,,,,,
,2020-01-15,,,,,,,,,,,
,2019-12-24,,,,,,,,,,,
,2019-12-13,,,,,,,,,,,
,2019-12-13,,,,,,,,,,,
,2019-11-19,,,,,,,,,,,
,2019-11-19,,,,,,,,,,,
,2019-11-13,,,,,,,,,,,
,2019-11-05,,,,,,,,,,,
,2019-10-30,,,,,,,,,,,
,2019-10-29,,,,,,,,,,,
,2019-10-23,,,,,,,,,,,
,2019-10-23,,,,,,,,,,,
,2019-10-11,,,,,,,,,,,
,2019-10-02,,,,,,,,,,,
,2019-09-17,,,,,,,,,,,
,2019-09-17,,,,,,,,,,,
,2019-07-04,,,,,,,,,,,
,2019-06-14,,,,,,,,,,,
,2019-06-03,,,,,,,,,,,
,2019-06-01,,,,,,,,,,,
,2019-05-31,,,,,,,,,,,
,2019-05-29,,,,,,,,,,,
,2019-05-29,,,,,,,,,,,
,2019-05-28,,,,,,,,,,,
,2019-05-02,,,,,,,,,,,
,2019-05-02,,,,,,,,,,,
,2019-04-20,,,,,,,,,,,
,2019-04-08,,,,,,,,,,,
,2019-04-01,,,,,,,,,,,
,2019-02-27,,,,,,,,,,,
,2019-02-14,,,,,,,,,,,
,2019-01-31,,,,,,,,,,,
,2018-11-16,,,,,,,,,,,
,2018-11-16,,,,,,,,,,,
,2018-11-12,,,,,,,,,,,
,2018-11-05,,,,,,,,,,,
,2018-11-05,,,,,,,,,,,
,2018-10-11,,,,,,,,,,,
,2018-10-11,,,,,,,,,,,
,2018-09-28,,,,,,,,,,,
,2018-08-14,,,,,,,,,,,
,2018-07-10,,,,,,,,,,,
,2018-07-10,,,,,,,,,,,
,2018-07-03,,,,,,,,,,,
,2018-06-18,,,,,,,,,,,
,2018-06-01,,,,,,,,,,,
,2018-05-02,,,,,,,,,,,
,2018-03-22,,,,,,,,,,,
,2018-02-05,,,,,,,,,,,
,2018-02-05,,,,,,,,,,,
,2018-02-05,,,,,,,,,,,
,2018-02-01,,,,,,,,,,,
,2017-10-26,,,,,,,,,,,
,2017-10-26,,,,,,,,,,,
,2017-10-18,,,,,,,,,,,
,2017-09-26,,,,,,,,,,,
,2017-08-07,,,,,,,,,,,
,2017-08-07,,,,,,,,,,,
,2017-08-07,,,,,,,,,,,
,2017-07-21,,,,,,,,,,,
,2017-07-03,,,,,,,,,,,
,2017-06-12,,,,,,,,,,,
,2017-04-17,,,,,,,,,,,
,2016-11-05,,,,,,,,,,,
,2016-11-05,,,,,,,,,,,
,2016-10-07,,,,,,,,,,,
,2016-09-26,,,,,,,,,,,
,2016-09-26,,,,,,,,,,,
,2016-09-26,,,,,,,,,,,
,2016-09-17,,,,,,,,,,,
,2016-02-23,,,,,,,,,,,
,2016-02-23,,,,,,,,,,,
,2015-12-10,,,,,,,,,,,
,2015-12-10,,,,,,,,,,,
,2015-12-08,,,,,,,,,,,
,2015-10-01,,,,,,,,,,,
,2015-07-06,,,,,,,,,,,
,2015-06-15,,,,,,,,,,,
,2015-02-25,,,,,,,,,,,
,2015-02-06,,,,,,,,,,,
,2014-12-03,,,,,,,,,,,
,2014-09-10,,,,,,,,,,,
,2014-05-14,,,,,,,,,,,
,2013-12-19,,,,,,,,,,,
,2013-12-11,,,,,,,,,,,
,2013-10-16,,,,,,,,,,,
,2013-10-16,,,,,,,,,,,
,2013-05-26,,,,,,,,,,,
,2012-12-03,,,,,,,,,,,
,2012-12-03,,,,,,,,,,,
,2012-07-12,,,,,,,,,,,
,2008-07-05,,,,,,,,,,,
,2007-06-22,,,,,,,,,,,
,2007-06-22,,,,,,,,,,,
,2005-08-07,,,,,,,,,,,
,2024-06-25,,,,,,,,,,,
,2024-06-13,,,,,,,,,,,
,2024-02-23,,,,,,,,,,,
,2024-02-12,,,,,,,,,,,
,2024-01-17,,,,,,,,,,,
,2023-12-14,,,,,,,,,,,
,2023-12-08,,,,,,,,,,,
,2023-11-13,,,,,,,,,,,
,2023-11-06,,,,,,,,,,,
,2023-11-05,,,,,,,,,,,
,2023-11-03,,,,,,,,,,,
,2023-10-11,,,,,,,,,,,
,2023-08-29,,,,,,,,,,,
,2023-07-06,,,,,,,,,,,
,2023-07-06,,,,,,,,,,,
,2023-05-18,,,,,,,,,,,
,2023-05-17,,,,,,,,,,,
,2023-05-11,,,,,,,,,,,
,2023-05-09,,,,,,,,,,,
,2023-04-17,,,,,,,,,,,
,2023-04-14,,,,,,,,,,,
,2023-04-09,,,,,,,,,,,
,2023-03-30,,,,,,,,,,,
,2023-03-06,,,,,,,,,,,
,2023-03-05,,,,,,,,,,,
,2023-02-13,,,,,,,,,,,
,2023-01-15,,,,,,,,,,,
,2022-11-20,,,,,,,,,,,
,2022-11-10,,,,,,,,,,,
,2022-10-20,,,,,,,,,,,
,2022-10-11,,,,,,,,,,,
,2022-10-05,,,,,,,,,,,
,2022-08-10,,,,,,,,,,,
,2022-07-21,,,,,,,,,,,
,2022-06-27,,,,,,,,,,,
,2022-06-06,,,,,,,,,,,
,2022-05-27,,,,,,,,,,,
,2022-04-13,,,,,,,,,,,
,2022-03-21,,,,,,,,,,,
,2022-03-10,,,,,,,,,,,
,2022-02-10,,,,,,,,,,,
,2022-01-07,,,,,,,,,,,
,2021-12-23,,,,,,,,,,,
,2021-12-20,,,,,,,,,,,
,2021-12-16,,,,,,,,,,,
,2021-11-24,,,,,,,,,,,
,2021-11-01,,,,,,,,,,,
,2021-10-17,,,,,,,,,,,
,2021-10-15,,,,,,,,,,,
,2021-09-21,,,,,,,,,,,
,2021-08-07,,,,,,,,,,,
,2021-08-03,,,,,,,,,,,
,2021-07-29,,,,,,,,,,,
,2021-06-28,,,,,,,,,,,
,2021-06-09,,,,,,,,,,,
,2021-05-26,,,,,,,,,,,
,2021-05-04,,,,,,,,,,,
,2021-05-04,,,,,,,,,,,
,2021-05-04,,,,,,,,,,,
,2021-04-29,,,,,,,,,,,
,2021-02-13,,,,,,,,,,,
,2021-01-15,,,,,,,,,,,
,2020-12-25,,,,,,,,,,,
,2020-12-15,,,,,,,,,,,
,2020-08-03,,,,,,,,,,,
,2020-05-22,,,,,,,,,,,
,2020-05-06,,,,,,,,,,,
,2020-04-29,,,,,,,,,,,
,2020-03-23,,,,,,,,,,,
,2020-03-11,,,,,,,,,,,
,2020-02-28,,,,,,,,,,,
,2020-02-21,,,,,,,,,,,
,2020-02-09,,,,,,,,,,,
,2020-02-07,,,,,,,,,,,
,2019-11-11,,,,,,,,,,,
,2019-11-10,,,,,,,,,,,
,2019-11-01,,,,,,,,,,,
,2019-10-02,,,,,,,,,,,
,2019-09-26,,,,,,,,,,,
,2019-09-25,,,,,,,,,,,
,2019-09-04,,,,,,,,,,,
,2019-07-01,,,,,,,,,,,
,2019-06-24,,,,,,,,,,,
,2019-06-17,,,,,,,,,,,
,2019-06-01,,,,,,,,,,,
,2019-05-22,,,,,,,,,,,
,2019-04-08,,,,,,,,,,,
,2019-02-28,,,,,,,,,,,
,2019-02-01,,,,,,,,,,,
,2019-01-09,,,,,,,,,,,
,2018-10-15,,,,,,,,,,,
,2018-09-28,,,,,,,,,,,
,2018-09-24,,,,,,,,,,,
,2018-09-18,,,,,,,,,,,
,2018-09-17,,,,,,,,,,,
,2018-08-30,,,,,,,,,,,
,2018-06-30,,,,,,,,,,,
,2018-06-27,,,,,,,,,,,
,2018-06-24,,,,,,,,,,,
,2018-03-27,,,,,,,,,,,
,2018-03-04,,,,,,,,,,,
,2018-02-15,,,,,,,,,,,
,2018-02-09,,,,,,,,,,,
,2017-12-05,,,,,,,,,,,
,2017-12-02,,,,,,,,,,,
,2017-09-15,,,,,,,,,,,
,2017-07-18,,,,,,,,,,,
,2017-07-10,,,,,,,,,,,
,2017-01-23,,,,,,,,,,,
,2016-11-16,,,,,,,,,,,
,2016-11-04,,,,,,,,,,,
,2016-08-25,,,,,,,,,,,
,2016-08-22,,,,,,,,,,,
,2015-12-02,,,,,,,,,,,
,2015-06-08,,,,,,,,,,,
,2015-03-17,,,,,,,,,,,
,2015-02-28,,,,,,,,,,,
,2014-09-17,,,,,,,,,,,
,2014-09-08,,,,,,,,,,,
,2014-06-23,,,,,,,,,,,
,2014-06-22,,,,,,,,,,,
,2013-12-05,,,,,,,,,,,
,2013-05-26,,,,,,,,,,,
,2012-12-01,,,,,,,,,,,
,2011-11-08,,,,,,,,,,,
,2010-01-01,,,,,,,,,,,
,2021-08-11,,,,,,,,,,,
,2018-05-22,,,,,,,,,,,
,2014-09-14,,,,,,,,,,,
,2022-11-03,,,,,,,,,,,
,2022-07-11,,,,,,,,,,,
,2019-11-10,,,,,,,,,,,
,12/24/24,,,,,,,,,,,671000000000.0
,9/19/24,,,,,,,,,,,72700000000.0
,7/24/24,,,,,,,,,,,123000000000.0
,7/18/23,,,,,,,,,,,70000000000.0
,4/4/22,,,,,,,,,,,540350000000.0
,12/23/21,,,,,,,,,,,260000000000.0
,10/11/21,,,,,,,,,,,530000000000.0
,5/28/20,,,,,,,,,,,175000000000.0
,7/1/19,,,,,,,,,,,355000000.0
,10/11/18,,,,,,,,,,,340000000.0
,6/12/17,,,,,,,,,,,213000000.0
,9/30/12,,,,,,,,,,,60000000.0
,12/24/24,,,,,,,,,,,
,12/9/24,,,,,,,,,,,
,12/6/24,,,,,,,,,,,
,11/6/24,,,,,,,,,,,
,10/28/24,,,,,,,,,,,
,10/22/24,,,,,,,,,,,
,10/22/24,,,,,,,,,,,
,10/22/24,,,,,,,,,,,
,10/4/24,,,,,,,,,,,
,9/19/24,,,,,,,,,,,
,9/19/24,,,,,,,,,,,
,9/17/24,,,,,,,,,,,
,7/29/24,,,,,,,,,,,
,7/29/24,,,,,,,,,,,
,7/23/24,,,,,,,,,,,
,6/25/24,,,,,,,,,,,
,6/17/24,,,,,,,,,,,
,6/14/24,,,,,,,,,,,
,6/13/24,,,,,,,,,,,
,6/7/24,,,,,,,,,,,
,5/20/24,,,,,,,,,,,
,4/18/24,,,,,,,,,,,
,3/29/24,,,,,,,,,,,
,3/27/24,,,,,,,,,,,
,3/14/24,,,,,,,,,,,
,3/4/24,,,,,,,,,,,
,2/4/24,,,,,,,,,,,
,12/14/23,,,,,,,,,,,
,12/14/23,,,,,,,,,,,
,12/7/23,,,,,,,,,,,
,12/1/23,,,,,,,,,,,
,11/30/23,,,,,,,,,,,
,11/29/23,,,,,,,,,,,
,11/15/23,,,,,,,,,,,
,11/7/23,,,,,,,,,,,
,11/6/23,,,,,,,,,,,
,11/5/23,,,,,,,,,,,
,11/4/23,,,,,,,,,,,
,11/3/23,,,,,,,,,,,
,11/2/23,,,,,,,,,,,
,10/30/23,,,,,,,,,,,
,10/27/23,,,,,,,,,,,
,10/26/23,,,,,,,,,,,
,10/1/23,,,,,,,,,,,
,9/28/23,,,,,,,,,,,
,9/22/23,,,,,,,,,,,
,9/6/23,,,,,,,,,,,
,8/29/23,,,,,,,,,,,
,8/28/23,,,,,,,,,,,
,8/24/23,,,,,,,,,,,
,7/26/23,,,,,,,,,,,
,7/18/23,,,,,,,,,,,
,7/18/23,,,,,,,,,,,
,7/6/23,,,,,,,,,,,
,6/27/23,,,,,,,,,,,
,5/29/23,,,,,,,,,,,
,5/18/23,,,,,,,,,,,
,5/17/23,,,,,,,,,,,
,5/10/23,,,,,,,,,,,
,5/9/23,,,,,,,,,,,
,4/14/23,,,,,,,,,,,
,4/5/23,,,,,,,,,,,
,3/30/23,,,,,,,,,,,
,3/20/23,,,,,,,,,,,
,3/15/23,,,,,,,,,,,
,3/15/23,,,,,,,,,,,
,3/15/23,,,,,,,,,,,
,3/5/23,,,,,,,,,,,
,2/24/23,,,,,,,,,,,
,2/10/23,,,,,,,,,,,
,2/9/23,,,,,,,,,,,
,1/27/23,,,,,,,,,,,
,1/16/23,,,,,,,,,,,
,1/15/23,,,,,,,,,,,
,1/5/23,,,,,,,,,,,
,12/19/22,,,,,,,,,,,
,11/16/22,,,,,,,,,,,
,11/14/22,,,,,,,,,,,
,11/10/22,,,,,,,,,,,
,11/3/22,,,,,,,,,,,
,11/3/22,,,,,,,,,,,
,11/2/22,,,,,,,,,,,
,10/20/22,,,,,,,,,,,
,10/11/22,,,,,,,,,,,
,10/4/22,,,,,,,,,,,
,9/21/22,,,,,,,,,,,
,9/14/22,,,,,,,,,,,
,8/10/22,,,,,,,,,,,
,8/4/22,,,,,,,,,,,
,8/2/22,,,,,,,,,,,
,7/22/22,,,,,,,,,,,
,7/21/22,,,,,,,,,,,
,7/11/22,,,,,,,,,,,
,7/6/22,,,,,,,,,,,
,7/5/22,,,,,,,,,,,
,6/29/22,,,,,,,,,,,
,6/27/22,,,,,,,,,,,
,6/22/22,,,,,,,,,,,
,6/14/22,,,,,,,,,,,
,5/29/22,,,,,,,,,,,
,5/27/22,,,,,,,,,,,
,5/23/22,,,,,,,,,,,
,5/12/22,,,,,,,,,,,
,5/10/22,,,,,,,,,,,
,5/2/22,,,,,,,,,,,
,4/14/22,,,,,,,,,,,
,4/13/22,,,,,,,,,,,
,4/7/22,,,,,,,,,,,
,4/6/22,,,,,,,,,,,
,4/4/22,,,,,,,,,,,
,3/29/22,,,,,,,,,,,
,3/2/22,,,,,,,,,,,
,3/1/22,,,,,,,,,,,
,2/17/22,,,,,,,,,,,
,2/10/22,,,,,,,,,,,
,2/10/22,,,,,,,,,,,
,2/9/22,,,,,,,,,,,
,2/7/22,,,,,,,,,,,
,1/27/22,,,,,,,,,,,
,1/23/22,,,,,,,,,,,
,1/22/22,,,,,,,,,,,
,1/20/22,,,,,,,,,,,
,1/20/22,,,,,,,,,,,
,1/20/22,,,,,,,,,,,
,1/7/22,,,,,,,,,,,
,12/31/21,,,,,,,,,,,
,12/23/21,,,,,,,,,,,
,12/20/21,,,,,,,,,,,
,12/20/21,,,,,,,,,,,
,12/20/21,,,,,,,,,,,
,12/15/21,,,,,,,,,,,
,12/13/21,,,,,,,,,,,
,12/8/21,,,,,,,,,,,
,11/22/21,,,,,,,,,,,
,11/19/21,,,,,,,,,,,
,11/15/21,,,,,,,,,,,
,11/11/21,,,,,,,,,,,
,11/1/21,,,,,,,,,,,
,10/12/21,,,,,,,,,,,
,10/11/21,,,,,,,,,,,
,10/4/21,,,,,,,,,,,
,9/21/21,,,,,,,,,,,
,9/20/21,,,,,,,,,,,
,9/10/21,,,,,,,,,,,
,9/6/21,,,,,,,,,,,
,9/3/21,,,,,,,,,,,
,8/17/21,,,,,,,,,,,
,8/15/21,,,,,,,,,,,
,8/11/21,,,,,,,,,,,
,8/11/21,,,,,,,,,,,
,8/6/21,,,,,,,,,,,
,7/29/21,,,,,,,,,,,
,7/27/21,,,,,,,,,,,
,7/27/21,,,,,,,,,,,
,7/7/21,,,,,,,,,,,
,7/5/21,,,,,,,,,,,
,6/23/21,,,,,,,,,,,
,6/11/21,,,,,,,,,,,
,6/11/21,,,,,,,,,,,
,6/10/21,,,,,,,,,,,
,6/9/21,,,,,,,,,,,
,6/9/21,,,,,,,,,,,
,6/8/21,,,,,,,,,,,
,5/26/21,,,,,,,,,,,
,5/26/21,,,,,,,,,,,
,5/11/21,,,,,,,,,,,
,5/4/21,,,,,,,,,,,
,5/4/21,,,,,,,,,,,
,3/5/21,,,,,,,,,,,
,3/5/21,,,,,,,,,,,
,3/1/21,,,,,,,,,,,
,2/13/21,,,,,,,,,,,
,1/15/21,,,,,,,,,,,
,1/11/21,,,,,,,,,,,
,1/10/21,,,,,,,,,,,
,1/5/21,,,,,,,,,,,
,1/5/21,,,,,,,,,,,
,1/5/21,,,,,,,,,,,
,12/23/20,,,,,,,,,,,
,12/1/20,,,,,,,,,,,
,11/30/20,,,,,,,,,,,
,11/23/20,,,,,,,,,,,
,10/26/20,,,,,,,,,,,
,10/22/20,,,,,,,,,,,
,10/22/20,,,,,,,,,,,
,10/21/20,,,,,,,,,,,
,10/21/20,,,,,,,,,,,
,10/20/20,,,,,,,,,,,
,10/2/20,,,,,,,,,,,
,9/1/20,,,,,,,,,,,
,8/6/20,,,,,,,,,,,
,6/30/20,,,,,,,,,,,
,6/17/20,,,,,,,,,,,
,6/17/20,,,,,,,,,,,
,5/28/20,,,,,,,,,,,
,5/26/20,,,,,,,,,,,
,5/7/20,,,,,,,,,,,
,5/2/20,,,,,,,,,,,
,3/23/20,,,,,,,,,,,
,2/13/20,,,,,,,,,,,
,2/9/20,,,,,,,,,,,
,1/28/20,,,,,,,,,,,
,1/15/20,,,,,,,,,,,
,12/13/19,,,,,,,,,,,
,12/13/19,,,,,,,,,,,
,11/19/19,,,,,,,,,,,
,11/11/19,,,,,,,,,,,
,11/10/19,,,,,,,,,,,
,11/5/19,,,,,,,,,,,
,10/23/19,,,,,,,,,,,
,10/23/19,,,,,,,,,,,
,10/2/19,,,,,,,,,,,
,9/26/19,,,,,,,,,,,
,9/17/19,,,,,,,,,,,
,9/17/19,,,,,,,,,,,
,9/6/19,,,,,,,,,,,
,7/1/19,,,,,,,,,,,
,6/17/19,,,,,,,,,,,
,6/14/19,,,,,,,,,,,
,5/29/19,,,,,,,,,,,
,5/29/19,,,,,,,,,,,
,5/2/19,,,,,,,,,,,
,3/26/19,,,,,,,,,,,
,2/27/19,,,,,,,,,,,
,2/23/19,,,,,,,,,,,
,2/14/19,,,,,,,,,,,
,1/4/19,,,,,,,,,,,
,11/16/18,,,,,,,,,,,
,11/16/18,,,,,,,,,,,
,11/12/18,,,,,,,,,,,
,11/5/18,,,,,,,,,,,
,11/5/18,,,,,,,,,,,
,10/11/18,,,,,,,,,,,
,9/28/18,,,,,,,,,,,
,9/28/18,,,,,,,,,,,
,8/28/18,,,,,,,,,,,
,7/10/18,,,,,,,,,,,
,7/10/18,,,,,,,,,,,
,6/27/18,,,,,,,,,,,
,6/1/18,,,,,,,,,,,
,5/2/18,,,,,,,,,,,
,4/14/18,,,,,,,,,,,
,4/8/18,,,,,,,,,,,
,3/27/18,,,,,,,,,,,
,2/5/18,,,,,,,,,,,
,2/5/18,,,,,,,,,,,
,1/18/18,,,,,,,,,,,
,12/19/17,,,,,,,,,,,
,12/5/17,,,,,,,,,,,
,12/2/17,,,,,,,,,,,
,10/31/17,,,,,,,,,,,
,10/29/17,,,,,,,,,,,
,10/28/17,,,,,,,,,,,
,10/26/17,,,,,,,,,,,
,10/18/17,,,,,,,,,,,
,9/6/17,,,,,,,,,,,
,8/17/17,,,,,,,,,,,
,8/7/17,,,,,,,,,,,
,7/30/17,,,,,,,,,,,
,7/25/17,,,,,,,,,,,
,7/10/17,,,,,,,,,,,
,6/12/17,,,,,,,,,,,
,5/8/17,,,,,,,,,,,
,1/23/17,,,,,,,,,,,
,1/7/17,,,,,,,,,,,
,1/6/17,,,,,,,,,,,
,11/17/16,,,,,,,,,,,
,11/5/16,,,,,,,,,,,
,11/5/16,,,,,,,,,,,
,10/28/16,,,,,,,,,,,
,10/7/16,,,,,,,,,,,
,9/26/16,,,,,,,,,,,
,9/17/16,,,,,,,,,,,
,6/21/16,,,,,,,,,,,
,6/1/16,,,,,,,,,,,
,5/29/16,,,,,,,,,,,
,5/29/16,,,,,,,,,,,
,3/17/16,,,,,,,,,,,
,1/27/16,,,,,,,,,,,
,12/10/15,,,,,,,,,,,
,12/8/15,,,,,,,,,,,
,12/8/15,,,,,,,,,,,
,12/2/15,,,,,,,,,,,
,8/31/15,,,,,,,,,,,
,2/25/15,,,,,,,,,,,
,2/6/15,,,,,,,,,,,
,12/3/14,,,,,,,,,,,
,11/10/14,,,,,,,,,,,
,11/7/14,,,,,,,,,,,
,9/18/14,,,,,,,,,,,
,9/17/14,,,,,,,,,,,
,9/10/14,,,,,,,,,,,
,9/4/14,,,,,,,,,,,
,9/4/14,,,,,,,,,,,
,9/1/14,,,,,,,,,,,
,7/1/14,,,,,,,,,,,
,6/23/14,,,,,,,,,,,
,6/22/14,,,,,,,,,,,
,6/21/14,,,,,,,,,,,
,6/18/14,,,,,,,,,,,
,6/10/14,,,,,,,,,,,
,6/1/14,,,,,,,,,,,
,5/14/14,,,,,,,,,,,
,1/1/14,,,,,,,,,,,
,1/1/14,,,,,,,,,,,
,12/20/13,,,,,,,,,,,
,12/11/13,,,,,,,,,,,
,12/5/13,,,,,,,,,,,
,12/5/13,,,,,,,,,,,
,10/16/13,,,,,,,,,,,
,10/16/13,,,,,,,,,,,
,10/1/13,,,,,,,,,,,
,10/1/13,,,,,,,,,,,
,9/22/13,,,,,,,,,,,
,5/26/13,,,,,,,,,,,
,1/16/13,,,,,,,,,,,
,12/3/12,,,,,,,,,,,
,12/3/12,,,,,,,,,,,
,9/30/12,,,,,,,,,,,
,9/9/12,,,,,,,,,,,
,7/12/12,,,,,,,,,,,
,6/3/12,,,,,,,,,,,
,6/3/12,,,,,,,,,,,
,6/3/12,,,,,,,,,,,
,6/3/12,,,,,,,,,,,
,2/13/12,,,,,,,,,,,
,11/8/11,,,,,,,,,,,
,11/6/11,,,,,,,,,,,
,6/28/11,,,,,,,,,,,
,6/19/11,,,,,,,,,,,
,5/22/11,,,,,,,,,,,
,4/29/11,,,,,,,,,,,
,9/26/10,,,,,,,,,,,
,9/26/10,,,,,,,,,,,
,6/15/10,,,,,,,,,,,
,6/1/10,,,,,,,,,,,
,3/1/10,,,,,,,,,,,
,1/1/10,,,,,,,,,,,
,10/15/24,,,,,,,,,,,
,10/4/24,,,,,,,,,,,
,7/23/24,,,,,,,,,,,
,6/14/24,,,,,,,,,,,
,6/13/24,,,,,,,,,,,
,2/26/24,,,,,,,,,,,
,2/23/24,,,,,,,,,,,
,12/14/23,,,,,,,,,,,
,12/6/23,,,,,,,,,,,
,11/15/23,,,,,,,,,,,
,11/13/23,,,,,,,,,,,
,11/13/23,,,,,,,,,,,
,11/8/23,,,,,,,,,,,
,11/5/23,,,,,,,,,,,
,10/30/23,,,,,,,,,,,
,10/26/23,,,,,,,,,,,
,10/11/23,,,,,,,,,,,
,10/7/23,,,,,,,,,,,
,9/28/23,,,,,,,,,,,
,9/6/23,,,,,,,,,,,
,8/30/23,,,,,,,,,,,
,8/29/23,,,,,,,,,,,
,8/28/23,,,,,,,,,,,
,7/18/23,,,,,,,,,,,
,7/6/23,,,,,,,,,,,
,7/5/23,,,,,,,,,,,
,6/27/23,,,,,,,,,,,
,5/11/23,,,,,,,,,,,
,5/9/23,,,,,,,,,,,
,4/26/23,,,,,,,,,,,
,4/17/23,,,,,,,,,,,
,4/9/23,,,,,,,,,,,
,4/5/23,,,,,,,,,,,
,3/30/23,,,,,,,,,,,
,3/29/23,,,,,,,,,,,
,3/20/23,,,,,,,,,,,
,3/15/23,,,,,,,,,,,
,3/15/23,,,,,,,,,,,
,3/5/23,,,,,,,,,,,
,2/24/23,,,,,,,,,,,
,2/10/23,,,,,,,,,,,
,1/30/23,,,,,,,,,,,
,1/30/23,,,,,,,,,,,
,1/27/23,,,,,,,,,,,
,1/15/23,,,,,,,,,,,
,12/19/22,,,,,,,,,,,
,11/28/22,,,,,,,,,,,
,11/20/22,,,,,,,,,,,
,11/18/22,,,,,,,,,,,
,11/14/22,,,,,,,,,,,
,10/20/22,,,,,,,,,,,
,10/20/22,,,,,,,,,,,
,10/4/22,,,,,,,,,,,
,9/14/22,,,,,,,,,,,
,8/4/22,,,,,,,,,,,
,8/2/22,,,,,,,,,,,
,7/21/22,,,,,,,,,,,
,7/11/22,,,,,,,,,,,
,7/5/22,,,,,,,,,,,
,6/29/22,,,,,,,,,,,
,6/14/22,,,,,,,,,,,
,5/27/22,,,,,,,,,,,
,5/23/22,,,,,,,,,,,
,5/12/22,,,,,,,,,,,
,5/10/22,,,,,,,,,,,
,5/2/22,,,,,,,,,,,
,4/29/22,,,,,,,,,,,
,4/14/22,,,,,,,,,,,
,4/13/22,,,,,,,,,,,
,4/4/22,,,,,,,,,,,
,2/26/22,,,,,,,,,,,
,2/10/22,,,,,,,,,,,
,2/10/22,,,,,,,,,,,
,2/9/22,,,,,,,,,,,
,2/2/22,,,,,,,,,,,
,1/7/22,,,,,,,,,,,
,12/20/21,,,,,,,,,,,
,12/13/21,,,,,,,,,,,
,12/8/21,,,,,,,,,,,
,11/22/21,,,,,,,,,,,
,11/11/21,,,,,,,,,,,
,11/1/21,,,,,,,,,,,
,10/15/21,,,,,,,,,,,
,10/11/21,,,,,,,,,,,
,10/4/21,,,,,,,,,,,
,8/15/21,,,,,,,,,,,
,7/29/21,,,,,,,,,,,
,6/23/21,,,,,,,,,,,
,6/11/21,,,,,,,,,,,
,6/10/21,,,,,,,,,,,
,6/9/21,,,,,,,,,,,
,5/20/21,,,,,,,,,,,
,4/19/21,,,,,,,,,,,
,3/1/21,,,,,,,,,,,
,1/15/21,,,,,,,,,,,
,1/11/21,,,,,,,,,,,
,1/5/21,,,,,,,,,,,
,12/23/20,,,,,,,,,,,
,12/1/20,,,,,,,,,,,
,11/30/20,,,,,,,,,,,
,10/21/20,,,,,,,,,,,
,10/21/20,,,,,,,,,,,
,10/20/20,,,,,,,,,,,
,10/2/20,,,,,,,,,,,
,9/1/20,,,,,,,,,,,
,6/30/20,,,,,,,,,,,
,5/28/20,,,,,,,,,,,
,5/2/20,,,,,,,,,,,
,5/2/20,,,,,,,,,,,
,2/9/20,,,,,,,,,,,
,1/28/20,,,,,,,,,,,
,1/19/20,,,,,,,,,,,
,1/15/20,,,,,,,,,,,
,12/19/19,,,,,,,,,,,
,12/13/19,,,,,,,,,,,
,11/11/19,,,,,,,,,,,
,11/10/19,,,,,,,,,,,
,10/30/19,,,,,,,,,,,
,10/23/19,,,,,,,,,,,
,9/17/19,,,,,,,,,,,
,9/17/19,,,,,,,,,,,
,7/1/19,,,,,,,,,,,
,5/29/19,,,,,,,,,,,
,5/29/19,,,,,,,,,,,
,4/8/19,,,,,,,,,,,
,3/26/19,,,,,,,,,,,
,2/27/19,,,,,,,,,,,
,11/5/18,,,,,,,,,,,
,11/5/18,,,,,,,,,,,
,10/11/18,,,,,,,,,,,
,9/28/18,,,,,,,,,,,
,9/28/18,,,,,,,,,,,
,8/28/18,,,,,,,,,,,
,6/27/18,,,,,,,,,,,
,6/1/18,,,,,,,,,,,
,5/2/18,,,,,,,,,,,
,3/27/18,,,,,,,,,,,
,2/5/18,,,,,,,,,,,
,2/5/18,,,,,,,,,,,
,1/9/18,,,,,,,,,,,
,12/5/17,,,,,,,,,,,
,10/19/17,,,,,,,,,,,
,10/18/17,,,,,,,,,,,
,8/7/17,,,,,,,,,,,
,7/10/17,,,,,,,,,,,
,6/12/17,,,,,,,,,,,
,1/23/17,,,,,,,,,,,
,1/6/17,,,,,,,,,,,
,11/5/16,,,,,,,,,,,
,10/7/16,,,,,,,,,,,
,9/17/16,,,,,,,,,,,
,5/29/16,,,,,,,,,,,
,5/29/16,,,,,,,,,,,
,1/27/16,,,,,,,,,,,
,12/8/15,,,,,,,,,,,
,2/19/15,,,,,,,,,,,
,2/6/15,,,,,,,,,,,
,12/18/14,,,,,,,,,,,
,9/10/14,,,,,,,,,,,
,9/4/14,,,,,,,,,,,
,7/1/14,,,,,,,,,,,
,6/18/14,,,,,,,,,,,
,12/11/13,,,,,,,,,,,
,10/16/13,,,,,,,,,,,
,10/1/13,,,,,,,,,,,
,10/1/13,,,,,,,,,,,
,9/22/13,,,,,,,,,,,
,6/12/13,,,,,,,,,,,
,5/26/13,,,,,,,,,,,
,5/26/13,,,,,,,,,,,
,1/16/13,,,,,,,,,,,
,12/3/12,,,,,,,,,,,
,9/30/12,,,,,,,,,,,
,7/12/12,,,,,,,,,,,
,6/3/12,,,,,,,,,,,
,6/3/12,,,,,,,,,,,
,11/8/11,,,,,,,,,,,
,4/29/11,,,,,,,,,,,
,9/26/10,,,,,,,,,,,
,9/5/10,,,,,,,,,,,
,3/1/10,,,,,,,,,,,
,2023-11-13,,30400000.0,,,,,,,,,
,2023-10-07,,160000000.0,,,,,,,,,
,2023-08-28,,49.0,,,,,,,,,
,2023-08-05,,7560000.0,,,,,,,,,
,2023-06-27,,1811000.0,,,,,,,,,
,2023-03-29,,9699999.999999998,,,,,,,,,
,2023-03-02,,600000.0,,,,,,,,,
,2023-01-27,,350000.0,,,,,,,,,
,2023-01-16,,6500000.0,,,,,,,,,
,2022-12-28,,849000.0,,,,,,,,,
,2022-12-19,,29000.0,,,,,,,,,
,2022-11-14,,15010000.0,,,,,,,,,
,2022-10-04,,72000.0,,,,,,,,,
,2022-08-04,,354900549.45,,,,,,,,,
,2022-07-22,,10351411.2,,,,,,,,,
,2022-04-07,,140000.0,,,,,,,,,
,2022-02-26,,1100000.0,,,,,,,,,
,2021-11-01,,10500.0,,,,,,,,,
,2021-10-31,,600000.0,,,,,,,,,
,2021-09-06,,2775.0,,,,,,,,,
,2021-08-15,,107000.0,,,,,,,,,
,2021-06-11,,380000.00000000006,,,,,,,,,
,2021-05-20,,9470.0,,,,,,,,,
,2020-12-23,,2099.52,,,,,,,,,
,2020-12-01,,1800000.0,,,,,,,,,
,2020-10-02,,18144000.0,,,,,,,,,
,2020-09-01,,9720.0,,,,,,,,,
,2020-03-17,,1580.0,,,,,,,,,
,2020-02-08,,27800.0,,,,,,,,,
,2019-12-05,,2320.0,,,,,,,,,
,2019-09-06,,19400.0,,,,,,,,,
,2019-06-10,,328.0,,,,,,,,,
,2019-06-04,,11058.826,,,,,,,,,
,2019-05-14,,424.0,,,,,,,,,
,2019-04-04,,2560.0,,,,,,,,,
,2019-02-23,,37065.6,,,,,,,,,
,2019-01-04,,2470.0,,,,,,,,,
,2018-11-15,,2.01,,,,,,,,,
,2018-05-03,,127.0,,,,,,,,,
,2018-04-08,,50939.19991999999,,,,,,,,,
,2018-01-18,,272.538,,,,,,,,,
,2018-01-09,,26.244,,,,,,,,,
,2017-11-10,,437.0,,,,,,,,,
,2017-10-31,,98.5,,,,,,,,,
,2017-09-06,,2.34,,,,,,,,,
,2017-08-29,,474.0,,,,,,,,,
,2017-08-19,,551000.0,,,,,,,,,
,2017-08-14,,10.6,,,,,,,,,
,2017-01-06,,14463.36,,,,,,,,,
,2016-11-17,,64000.0,,,,,,,,,
,2016-10-28,,18.22,,,,,,,,,
,2016-07-12,,3.57,,,,,,,,,
,2016-05-29,,145.4112,,,,,,,,,
,2016-05-29,,96.9408,,,,,,,,,
,2015-12-16,,5.62,,,,,,,,,
,2015-08-26,,2.65,,,,,,,,,
,2014-12-18,,100.0,,,,,,,,,
,2014-09-04,,12291.000000000002,,,,,,,,,
,2014-09-01,,1555.2,,,,,,,,,
,2014-07-01,,69.0,,,,,,,,,
,2014-06-10,,518.4,,,,,,,,,
,2013-12-20,,0.4752,,,,,,,,,
,2013-11-12,,532.0,,,,,,,,,
,2013-10-01,,14.22,,,,,,,,,
,2013-10-01,,9.3312,,,,,,,,,
,2013-09-22,,137.0,,,,,,,,,
,2013-08-04,,4.21,,,,,,,,,
,2012-09-30,,470.0,,,,,,,,,
,2012-09-09,,16.6,,,,,,,,,
,2012-06-03,,6.0393708,,,,,,,,,
,2012-06-03,,273.1968,,,,,,,,,
,2012-06-03,,4.2687,,,,,,,,,
,2012-02-13,,3.7269792,,,,,,,,,
,2011-04-29,,36.72864,,,,,,,,,
,2010-09-26,,53.96,,,,,,,,,
,2010-05-13,,0.35,,,,,,,,,
,2010-03-01,,0.130788,,,,,,,,,
,2009-06-15,,1.0,,,,,,,,,
,2006-11-01,,0.0096048,,,,,,,,,
,2005-08-01,,0.0241245759587748,,,,,,,,,
,2004-06-27,,0.00097423,,,,,,,,,
,2003-03-15,,1.30389876,,,,,,,,,
,2024-12-24,,4560000000.0,,,,,,,,,
,2024-12-09,,1250000000.0,,,,,,,,,
,2024-12-06,,6864976800.0,,,,,,,,,
,2024-12-03,,6000010000.000001,,,,,,,,,
,2024-11-06,,3492370000.0,,,,,,,,,
,2024-10-28,,25050000000.0,,,,,,,,,
,2024-10-22,,3039818100.0,,,,,,,,,
,2024-10-22,,3020000000.0,,,,,,,,,
,2024-10-22,,3020000000.0,,,,,,,,,
,2024-10-15,,7760572.400000001,,,,,,,,,
,2024-10-04,,1650000000.0,,,,,,,,,
,2024-09-19,,7800000000.0,,,,,,,,,
,2024-09-19,,7851600000.000001,,,,,,,,,
,2024-09-17,,3510000000.0,,,,,,,,,
,2024-08-29,,36000000000.00001,,,,,,,,,
,2024-08-13,,29600000000.0,,,,,,,,,
,2024-07-29,,4300000000.0,,,,,,,,,
,2024-07-29,,451260000.0,,,,,,,,,
,2024-07-24,,21300000000.0,,,,,,,,,
,2024-07-23,,38000000000.0,,,,,,,,,
,2024-07-18,,7360010000.0,,,,,,,,,
,2024-06-20,,36500010000.0,,,,,,,,,
,2024-06-17,,1285200000.0,,,,,,,,,
,2024-06-14,,18000000000.000004,,,,,,,,,
,2024-06-07,,3020000000.0,,,,,,,,,
,2024-05-13,,38100010000.0,,,,,,,,,
,2024-04-18,,7860999999.999999,,,,,,,,,
,2024-04-15,,8400010000.000001,,,,,,,,,
,2024-03-27,,2600000000.0,,,,,,,,,
,2024-03-14,,486000000.0,,,,,,,,,
,2024-03-07,,10001000000.0,,,,,,,,,
,2024-03-04,,16400009999.999998,,,,,,,,,
,2024-02-26,,11199999999.999998,,,,,,,,,
,2024-02-15,,15800010000.0,,,,,,,,,
,2024-02-04,,1300000000.0,,,,,,,,,
,2023-12-14,,387000000.0,,,,,,,,,
,2023-12-07,,160000000.0,,,,,,,,,
,2023-12-06,,50000000001.0,,,,,,,,,
,2023-12-06,,1830001000.0,,,,,,,,,
,2023-11-30,,1300000000.0,,,,,,,,,
,2023-11-22,,10010000000.0,,,,,,,,,
,2023-11-15,,180000000.0,,,,,,,,,
,2023-11-14,,21000000.0,,,,,,,,,
,2023-11-06,,22000000000.0,,,,,,,,,
,2023-11-04,,2900000000.01,,,,,,,,,
,2023-11-02,,610000000.0,,,,,,,,,
,2023-10-30,,250000000.0,,,,,,,,,
,2023-10-27,,50400000.0,,,,,,,,,
,2023-10-26,,7920.0,,,,,,,,,
,2023-09-28,,4800000000.0,,,,,,,,,
,2023-08-30,,53.37,,,,,,,,,
,2023-07-26,,3900.0,,,,,,,,,
,2023-07-18,,810000000.0,,,,,,,,,
,2023-07-18,,83999999.99999999,,,,,,,,,
,2023-07-11,,3866000000.0,,,,,,,,,
,2023-07-05,,39800000.0,,,,,,,,,
,2023-05-10,,7340000000.0,,,,,,,,,
,2023-04-05,,7800000.0,,,,,,,,,
,2023-03-20,,466999999.9999999,,,,,,,,,
,2023-03-15,,21000000000.0,,,,,,,,,
,2023-02-24,,550000000.0,,,,,,,,,
,2023-02-10,,193248000.0,,,,,,,,,
,2023-01-30,,1200000.00001,,,,,,,,,
,2023-01-05,,10100.0,,,,,,,,,
,2022-11-28,,2578000000.0,,,,,,,,,
,2022-11-18,,130000.0,,,,,,,,,
,2022-11-16,,324000000.0,,,,,,,,,
,2022-11-03,,140.0,,,,,,,,,
,2022-11-02,,54600.0,,,,,,,,,
,2022-10-20,,2530000000.0,,,,,,,,,
,2022-10-20,,33000000.0,,,,,,,,,
,2022-10-20,,2499999999.9999995,,,,,,,,,
,2022-09-21,,4207266.3,,,,,,,,,
,2022-09-14,,169000000.0,,,,,,,,,
,2022-08-22,,70000.0,,,,,,,,,
,2022-08-02,,204374016.0,,,,,,,,,
,2022-07-06,,17511137.28,,,,,,,,,
,2022-07-05,,2720000.0,,,,,,,,,
,2022-06-29,,2741500000.0,,,,,,,,,
,2022-06-22,,396289537.6192634,,,,,,,,,
,2022-06-14,,73000000.0,,,,,,,,,
,2022-05-23,,14600000.000000002,,,,,,,,,
,2022-05-12,,4020000.0,,,,,,,,,
,2022-05-10,,120000000.0,,,,,,,,,
,2022-05-02,,430000000.0,,,,,,,,,
,2022-04-29,,218972000.00000104,,,,,,,,,
,2022-04-14,,60770.304,,,,,,,,,
,2022-04-04,,2527200000.0,,,,,,,,,
,2022-03-29,,576000000.0,,,,,,,,,
,2022-02-17,,290000000.00000006,,,,,,,,,
,2022-02-10,,355000000.0,,,,,,,,,
,2022-02-07,,16800000.0,,,,,,,,,
,2022-02-02,,163944000.0,,,,,,,,,
,2022-01-27,,319181000.0,,,,,,,,,
,2021-12-20,,22500000.0,,,,,,,,,
,2021-12-20,,47000000.0,,,,,,,,,
,2021-12-13,,363631124.34,,,,,,,,,
,2021-12-08,,631000000.0000001,,,,,,,,,
,2021-12-06,,36679273.00468286,,,,,,,,,
,2021-11-22,,48310000.0,,,,,,,,,
,2021-11-19,,41200000.00000001,,,,,,,,,
,2021-11-18,,1100000.0,,,,,,,,,
,2021-11-11,,460000.00000000006,,,,,,,,,
,2021-10-12,,353800000.00001,,,,,,,,,
,2021-10-11,,1170000000.0,,,,,,,,,
,2021-10-04,,4349999.999999999,,,,,,,,,
,2021-09-20,,9900000.000000002,,,,,,,,,
,2021-09-03,,2047000000.0,,,,,,,,,
,2021-08-17,,33660000.00000001,,,,,,,,,
,2021-08-11,,370000000.0,,,,,,,,,
,2021-08-06,,634275.0,,,,,,,,,
,2021-07-27,,5540000.0,,,,,,,,,
,2021-07-27,,24120000.000000004,,,,,,,,,
,2021-07-07,,73440000.0,,,,,,,,,
,2021-07-05,,22500000.0,,,,,,,,,
,2021-06-23,,95600.0,,,,,,,,,
,2021-06-11,,25986700.00000999,,,,,,,,,
,2021-06-10,,25880000.000000004,,,,,,,,,
,2021-06-09,,42700000.0,,,,,,,,,
,2021-06-08,,58500000.0,,,,,,,,,
,2021-05-28,,81000000.0,,,,,,,,,
,2021-05-26,,24057.6,,,,,,,,,
,2021-05-11,,6199999.999999999,,,,,,,,,
,2021-04-19,,35997695.99999999,,,,,,,,,
,2021-03-05,,5500000.0,,,,,,,,,
,2021-03-05,,14490000.0,,,,,,,,,
,2021-03-01,,47900000.0,,,,,,,,,
,2021-02-24,,11000.0,,,,,,,,,
,2021-01-11,,82200000.0,,,,,,,,,
,2021-01-05,,47000000.0,,,,,,,,,
,2021-01-05,,10499999.999999998,,,,,,,,,
,2020-12-31,,29100.0,,,,,,,,,
,2020-11-30,,2990000.0,,,,,,,,,
,2020-10-22,,1900000.0,,,,,,,,,
,2020-10-22,,4262000.0,,,,,,,,,
,2020-10-20,,82000000.0,,,,,,,,,
,2020-10-20,,7600000.0,,,,,,,,,
,2020-08-06,,200000.0,,,,,,,,,
,2020-06-30,,47650000.0,,,,,,,,,
,2020-06-17,,33000000.0,,,,,,,,,
,2020-06-17,,8910000.0,,,,,,,,,
,2020-05-28,,314000000.0,,,,,,,,,
,2020-05-26,,400000.0,,,,,,,,,
,2020-02-13,,15699999.999999998,,,,,,,,,
,2020-01-28,,112000000.0,,,,,,,,,
,2020-01-19,,8160000.0,,,,,,,,,
,2020-01-15,,100000.0,,,,,,,,,
,2019-12-13,,13000000.0,,,,,,,,,
,2019-12-13,,67000000.0,,,,,,,,,
,2019-11-19,,48000.0,,,,,,,,,
,2019-11-05,,20760000.000000004,,,,,,,,,
,2019-10-30,,59250000.000001,,,,,,,,,
,2019-10-23,,33000000.0,,,,,,,,,
,2019-10-23,,9000000.0001,,,,,,,,,
,2019-10-02,,12441.6,,,,,,,,,
,2019-09-17,,9100000.0,,,,,,,,,
,2019-09-17,,22000000.0,,,,,,,,,
,2019-07-11,,66.0,,,,,,,,,
,2019-05-31,,4000.0,,,,,,,,,
,2019-05-29,,1500000.0,,,,,,,,,
,2019-05-29,,1500000.0,,,,,,,,,
,2019-04-20,,521000.0,,,,,,,,,
,2019-04-08,,730.000001,,,,,,,,,
,2019-04-01,,7300.0,,,,,,,,,
,2019-02-27,,23200.0,,,,,,,,,
,2019-02-14,,1920000.000001,,,,,,,,,
,2018-11-12,,51.88,,,,,,,,,
,2018-11-05,,161740.8,,,,,,,,,
,2018-11-05,,68428.8,,,,,,,,,
,2018-10-11,,285000.0,,,,,,,,,
,2018-09-28,,44700.0,,,,,,,,,
,2018-08-28,,478080.0,,,,,,,,,
,2018-07-10,,429.0048,,,,,,,,,
,2018-07-10,,246.048,,,,,,,,,
,2018-07-03,,34900.0,,,,,,,,,
,2018-06-01,,17578.125,,,,,,,,,
,2018-05-02,,8743950.0,,,,,,,,,
,2018-03-22,,240.0,,,,,,,,,
,2018-02-05,,168000.0,,,,,,,,,
,2018-02-05,,385296.912,,,,,,,,,
,2018-02-01,,360.0,,,,,,,,,
,2017-12-05,,36679273.00468286,,,,,,,,,
,2017-10-19,,200010000.000001,,,,,,,,,
,2017-10-18,,341000000.0,,,,,,,,,
,2017-09-26,,3.31,,,,,,,,,
,2017-08-11,,604609.5222592002,,,,,,,,,
,2017-08-07,,2065.392,,,,,,,,,
,2017-08-07,,309.0,,,,,,,,,
,2017-07-25,,56400.0,,,,,,,,,
,2017-06-12,,7424.5248,,,,,,,,,
,2016-11-05,,2200000.0,,,,,,,,,
,2016-11-05,,10.5,,,,,,,,,
,2016-10-07,,436000.0,,,,,,,,,
,2016-09-26,,16.8,,,,,,,,,
,2016-09-26,,7.49,,,,,,,,,
,2016-09-26,,6620000.000001001,,,,,,,,,
,2016-09-17,,29741.645,,,,,,,,,
,2016-01-27,,1900000.0,,,,,,,,,
,2015-12-10,,10414.08,,,,,,,,,
,2015-12-08,,26000.0,,,,,,,,,
,2015-10-01,,380000.00000000006,,,,,,,,,
,2015-07-06,,3.34,,,,,,,,,
,2015-02-06,,23974.03008,,,,,,,,,
,2014-12-03,,297600.000001,,,,,,,,,
,2014-09-10,,56000.0,,,,,,,,,
,2013-12-19,,2.3,,,,,,,,,
,2013-10-16,,38.88,,,,,,,,,
,2013-01-16,,2612.736,,,,,,,,,
,2012-12-03,,311.4,,,,,,,,,
,2012-07-12,,600.0,,,,,,,,,
,2007-06-22,,1449.4464,,,,,,,,,
,2007-06-22,,773.03808,,,,,,,,,
,2005-08-07,,0.003482081588304,,,,,,,,,
,2024-06-25,,1070000000.0,,,,,,,,,
,2024-06-13,,110000000.0,,,,,,,,,
,2024-02-23,,3900000000.0,,,,,,,,,
,2023-12-14,,67070000.0,,,,,,,,,
,2023-11-13,,45600000.0,,,,,,,,,
,2023-11-08,,26000.0,,,,,,,,,
,2023-11-06,,63310000.00000001,,,,,,,,,
,2023-11-05,,78070000.0,,,,,,,,,
,2023-08-29,,30800000.0,,,,,,,,,
,2023-07-06,,620000000.0,,,,,,,,,
,2023-07-06,,600000100.0,,,,,,,,,
,2023-05-18,,180000.0,,,,,,,,,
,2023-05-11,,194000.0,,,,,,,,,
,2023-05-09,,84600000.0,,,,,,,,,
,2023-04-17,,78049000.0,,,,,,,,,
,2023-04-14,,7418511.36,,,,,,,,,
,2023-04-09,,3000010.0,,,,,,,,,
,2023-03-30,,236000000.0,,,,,,,,,
,2023-03-05,,9500000.000000002,,,,,,,,,
,2023-01-15,,8080000.0,,,,,,,,,
,2022-11-28,,215700.00001,,,,,,,,,
,2022-11-20,,510000.0,,,,,,,,,
,2022-11-10,,2408000.0,,,,,,,,,
,2022-10-11,,1420000.0,,,,,,,,,
,2022-08-10,,430000000.0,,,,,,,,,
,2022-07-21,,73500000.00009999,,,,,,,,,
,2022-06-27,,13500000.000000002,,,,,,,,,
,2022-06-06,,11000.0,,,,,,,,,
,2022-05-27,,7240000.000000001,,,,,,,,,
,2022-04-13,,49999999.99999999,,,,,,,,,
,2022-03-21,,26500.0,,,,,,,,,
,2022-03-10,,3400000.0,,,,,,,,,
,2022-02-10,,65000.0,,,,,,,,,
,2022-01-07,,23439.9744,,,,,,,,,
,2021-12-23,,1042100000.0,,,,,,,,,
,2021-12-16,,157000.0,,,,,,,,,
,2021-11-24,,4838400.0,,,,,,,,,
,2021-11-01,,1560000.0,,,,,,,,,
,2021-10-17,,7300.0,,,,,,,,,
,2021-10-15,,918190.0,,,,,,,,,
,2021-07-29,,18000000.0,,,,,,,,,
,2021-06-28,,82000.0,,,,,,,,,
,2021-06-09,,1910000.0,,,,,,,,,
,2021-05-26,,26800000.0,,,,,,,,,
,2021-05-04,,37000000.0,,,,,,,,,
,2021-05-04,,73700000.0,,,,,,,,,
,2021-05-04,,39000000.0,,,,,,,,,
,2021-04-29,,210000.0,,,,,,,,,
,2021-02-13,,5489999.999999999,,,,,,,,,
,2021-01-15,,78840.0,,,,,,,,,
,2020-12-25,,562.0,,,,,,,,,
,2020-12-15,,5100000.0,,,,,,,,,
,2020-08-03,,24000.0,,,,,,,,,
,2020-05-06,,2890.0,,,,,,,,,
,2020-04-29,,1784280.9599999995,,,,,,,,,
,2020-03-23,,3099999.9999999995,,,,,,,,,
,2020-03-11,,460.0,,,,,,,,,
,2020-02-21,,44100.0,,,,,,,,,
,2020-02-09,,2390000.0,,,,,,,,,
,2019-12-19,,780000.0,,,,,,,,,
,2019-11-11,,26120000.0,,,,,,,,,
,2019-11-10,,830000.0,,,,,,,,,
,2019-11-01,,7300.0,,,,,,,,,
,2019-10-02,,7600.0,,,,,,,,,
,2019-07-01,,8506700.0,,,,,,,,,
,2019-06-24,,4760.0,,,,,,,,,
,2019-06-01,,6190000.000000001,,,,,,,,,
,2019-02-01,,4300.0,,,,,,,,,
,2019-01-09,,10900.0,,,,,,,,,
,2018-10-15,,2780.0,,,,,,,,,
,2018-09-28,,1800000.0,,,,,,,,,
,2018-09-24,,1.02,,,,,,,,,
,2018-09-17,,11000.0,,,,,,,,,
,2018-08-30,,693.0,,,,,,,,,
,2018-06-27,,34875.0,,,,,,,,,
,2018-06-24,,11.0,,,,,,,,,
,2018-03-27,,33300.0,,,,,,,,,
,2018-02-09,,20.099999999999994,,,,,,,,,
,2017-12-05,,1.34,,,,,,,,,
,2017-12-02,,66290.40000000001,,,,,,,,,
,2017-09-15,,3.4,,,,,,,,,
,2017-07-10,,843000.0,,,,,,,,,
,2017-01-23,,93939.05664,,,,,,,,,
,2016-11-04,,21.3,,,,,,,,,
,2016-06-21,,61.492939794,,,,,,,,,
,2015-03-17,,73.0,,,,,,,,,
,2014-12-22,,60.48,,,,,,,,,
,2014-09-17,,1510.0,,,,,,,,,
,2014-09-08,,91.0,,,,,,,,,
,2014-06-18,,3411.072,,,,,,,,,
,2013-12-05,,1340.928,,,,,,,,,
,2013-06-12,,0.0908424,,,,,,,,,
,2013-05-26,,127.73376,,,,,,,,,
,2021-08-11,,801599.9999999999,,,,,,,,,
,2018-05-22,,75.9,,,,,,,,,
,2014-09-14,,44.0,,,,,,,,,
,2022-07-11,,365664000.0,,,,,,,,,
,2019-11-10,,158000.0,,,,,,,,,
,2024-12-24,,,,,,,,,,,
,2024-09-19,,,,,,,,,,,
,2024-07-24,,,,,,,,,,,
,2023-07-18,,,,,,,,,,,
,2023-07-11,,,,,,,,,,,
,2022-04-04,,,,,,,,,,,
,2021-12-23,,,,,,,,,,,
,2021-10-11,,,,,,,,,,,
,2020-05-28,,,,,,,,,,,
,2019-07-01,,,,,,,,,,,
,2018-10-11,,,,,,,,,,,
,2017-06-12,,,,,,,,,,,
,2023-04-05,,,,,,,,,,,
,2012-09-30,,,,,,,,,,,
,2024-06-20,,,,,,,,,,,
,2024-05-13,,,,,,,,,,,
,2024-02-15,,,,,,,,,,,
,2023-03-15,,,,,,,,,,,
,2018-02-01,,,,,,,,,,,
,2018-03-22,,,,,,,,,,,
,2018-05-03,,,,,,,,,,,
,2018-06-01,,,,,,,,,,,
,2018-08-28,,,,,,,,,,,
,2018-09-17,,,,,,,,,,,
,2018-09-28,,,,,,,,,,,
,2018-10-11,,,,,,,,,,,
,2018-11-05,,,,,,,,,,,
,2018-11-05,,,,,,,,,,,
,2019-02-14,,,,,,,,,,,
,2019-04-20,,,,,,,,,,,
,2019-06-01,,,,,,,,,,,
,2019-07-01,,,,,,,,,,,
,2019-09-17,,,,,,,,,,,
,2019-09-17,,,,,,,,,,,
,2019-10-23,,,,,,,,,,,
,2019-10-23,,,,,,,,,,,
,2019-11-05,,,,,,,,,,,
,2019-11-10,,,,,,,,,,,
,2020-01-28,,,,,,,,,,,
,2020-02-09,,,,,,,,,,,
,2020-02-13,,,,,,,,,,,
,2020-03-17,,,,,,,,,,,
,2020-03-23,,,,,,,,,,,
,2020-05-02,,,,,,,,,,,
,2020-05-02,,,,,,,,,,,
,2020-05-28,,,,,,,,,,,
,2020-06-30,,,,,,,,,,,
,2020-08-03,,,,,,,,,,,
,2021-01-05,,,,,,,,,,,
,2021-01-11,,,,,,,,,,,
,2021-03-05,,,,,,,,,,,
,2021-06-10,,,,,,,,,,,
,2021-07-07,,,,,,,,,,,
,2021-08-17,,,,,,,,,,,
,2021-10-11,,,,,,,,,,,
,2021-10-31,,,,,,,,,,,
,2021-12-13,,,,,,,,,,,
,2021-12-20,,,,,,,,,,,
,2022-01-27,,,,,,,,,,,
,2022-02-10,,,,,,,,,,,
,2022-05-02,,,,,,,,,,,
,2022-06-29,,,,,,,,,,,
,2022-08-02,,,,,,,,,,,
,2022-09-14,,,,,,,,,,,
,2022-10-20,,,,,,,,,,,
,2022-10-20,,,,,,,,,,,
,2022-11-16,,,,,,,,,,,
,2022-11-28,,,,,,,,,,,
,2023-02-24,,,,,,,,,,,
,2023-03-15,,,,,,,,,,,
,2023-03-30,,,,,,,,,,,
,2023-05-10,,,,,,,,,,,
,2023-07-11,,,,,,,,,,,
,2023-07-18,,,,,,,,,,,
,2023-09-28,,,,,,,,,,,
,2023-11-04,,,,,,,,,,,
,2023-11-06,,,,,,,,,,,
,2023-11-22,,,,,,,,,,,
,2024-03-04,,,,,,,,,,,
,2024-03-07,,,,,,,,,,,
,2024-04-15,,,,,,,,,,,
,2024-04-18,,,,,,,,,,,
,2024-05-13,,,,,,,,,,,
,2024-06-14,,,,,,,,,,,
,2024-06-20,,,,,,,,,,,
,2024-07-18,,,,,,,,,,,
,2024-07-23,,,,,,,,,,,
,2024-08-13,,,,,,,,,,,
,2019-06-24,,,,,,,,,,,
,2020-05-06,,,,,,,,,,,
,2020-08-06,,,,,,,,,,,
,2020-12-01,,,,,,,,,,,
,2020-12-31,,,,,,,,,,,
,2021-03-05,,,,,,,,,,,
,2021-04-19,,,,,,,,,,,
,2021-07-05,,,,,,,,,,,
,2021-08-11,,,,,,,,,,,
,2021-09-06,,,,,,,,,,,
,2021-09-20,,,,,,,,,,,
,2021-10-12,,,,,,,,,,,
,2021-12-23,,,,,,,,,,,
,2022-08-04,,,,,,,,,,,
,2023-03-20,,,,,,,,,,,
,2023-05-18,,,,,,,,,,,
,2023-10-27,,,,,,,,,,,
,2023-10-30,,,,,,,,,,,
,2023-11-02,,,,,,,,,,,
,2023-11-06,,,,,,,,,,,
,2023-11-30,,,,,,,,,,,
,2023-12-14,,,,,,,,,,,
,2024-02-04,,,,,,,,,,,
,2024-02-23,,,,,,,,,,,
,2024-06-07,,,,,,,,,,,
,2024-08-29,,,,,,,,,,,
,2024-09-17,,,,,,,,,,,
,2024-09-19,,,,,,,,,,,
,2024-09-19,,,,,,,,,,,
,2024-10-28,,,,,,,,,,,
,2024-11-06,,,,,,,,,,,
,2024-12-24,,,,,,,,,,,
,,,,,,,,,,,,
,,,,,,,,,,,,
,,,,,,,,,,,,
,,,,,,,,,,,,
,,,,,,,,,,,,
,7/23/24,,,,,,,,,,,
,3/27/24,,,,,,,,,,,
,9/6/23,,,,,,,,,,,
,4/4/22,,,,,,,,,,,
,9/3/21,,,,,,,,,,,
,5/28/20,,,,,,,,,,,
2003.0,,,,,,,,,,,,
2005.0,,,,,,,,,,,,
2006.0,,,,,,,,,,,,
2007.0,,,,,,,,,,,,
2008.0,,,,,,,,,,,,
2010.0,,,,,,,,,,,,
2011.0,,,,,,,,,,,,
2012.0,,,,,,,,,,,,
2013.0,,,,,,,,,,,,
2014.0,,,,,,,,,,,,
2015.0,,,,,,,,,,,,
2016.0,,,,,,,,,,,,
2017.0,,,,,,,,,,,,
2018.0,,,,,,,,,,,,
2019.0,,,,,,,,,,,,
2020.0,,,,,,,,,,,,
2021.0,,,,,,,,,,,,
2022.0,,,,,,,,,,,,
2023.0,,,,,,,,,,,,
2024.0,,,,,,,,,,,,
2014.0,,,,,,,,,,,,
2015.0,,,,,,,,,,,,
2016.0,,,,,,,,,,,,
2017.0,,,,,,,,,,,,
2018.0,,,,,,,,,,,,
2019.0,,,,,,,,,,,,
2020.0,,,,,,,,,,,,
2021.0,,,,,,,,,,,,
2022.0,,,,,,,,,,,,
2023.0,,,,,,,,,,,,
2024.0,,,,,,,,,,,,
2003.0,,,,,,,,,,,,
2004.0,,,,,,,,,,,,
2005.0,,,,,,,,,,,,
2006.0,,,,,,,,,,,,
2007.0,,,,,,,,,,,,
2008.0,,,,,,,,,,,,
2009.0,,,,,,,,,,,,
2010.0,,,,,,,,,,,,
2011.0,,,,,,,,,,,,
2012.0,,,,,,,,,,,,
2013.0,,,,,,,,,,,,
2014.0,,,,,,,,,,,,
2015.0,,,,,,,,,,,,
2016.0,,,,,,,,,,,,
2017.0,,,,,,,,,,,,
2018.0,,,,,,,,,,,,
2019.0,,,,,,,,,,,,
2020.0,,,,,,,,,,,,
2021.0,,,,,,,,,,,,
2022.0,,,,,,,,,,,,
2023.0,,,,,,,,,,,,
2024.0,,,,,,,,,,,,
,,,,,,,,,,,,
,,,,,,,,,,,,
,,,,,,,,,,,,
,,,,,,,,,,,,
,,,,,,,,,,,,
,,,,,,,,,,,,
,,,,,,,,,,,,
,,,,,,,,,,,,
,,,,,,,,,,,,
,,,,,,,,,,,,
,,,,,,,,,,,,
,,,,,,,,,,,,
,,,,,,,,,,,,
,,,,,,,,,,,,
,,,,,,,,,,,,
,,,,,,,,,,,,
,,,,,,,,,,,,
,,,,,,,,,,,,
,,,,,,,,,,,,
,,,,,,,,,,,,
,,,,,,,,,,,,
,,,,,,,,,,,,
,,,,,,,,,,,,
,,,,,,,,,,,,
,,,,,,,,,,,,
,,,,,,,,,,,,
,,,,,,,,,,,,
,,,,,,,,,,,,
,,,,,,,,,,,,
,,,,,,,,,,,,
,,,,,,,,,,,,
,,,,,,,,,,,,
,,,,,,,,,,,,
,,,,,,,,,,,,
,,,,,,,,,,,,
,,,,,,,,,,,,
,,,,,,,,,,,,
,,,,,,,,,,,,
,,,,,,,,,,,,
,,,,,,,,,,,,
,,,,,,,,,,,,
,,,,,,,,,,,,
,,,,,,,,,,,,
,,,,,,,,,,,,
,,,,,,,,,,,,
,,,,,,,,,,,,
,,,,,,,,,,,,
,,,,,,,,,,,,
,,,,,,,,,,,,
,,,,,,,,,,,,
,,,,,,,,,,,,
,,11/30/22,,,,,,,,,,
,,3/6/23,,,,,,,,,,
,,3/14/23,,,,,,,,,,
,,6/13/23,,,,,,,,,,
,,11/6/23,,,,,,,,,,
,,11/6/23,,,,,,,,,,
,,3/4/24,,,,,,,,,,
,,3/4/24,,,,,,,,,,
,,5/10/24,,,,,,,,,,
,,5/13/24,,,,,,,,,,
,,5/13/24,,,,,,,,,,
,,6/20/24,,,,,,,,,,
,,6/24/24,,,,,,,,,,
,,7/18/24,,,,,,,,,,
,,7/23/24,,,,,,,,,,
,,7/23/24,,,,,,,,,,
,,8/6/24,,,,,,,,,,
,,9/24/24,,,,,,,,,,
,,9/24/24,,,,,,,,,,
,,10/3/24,,,,,,,,,,
,,12/13/24,,,,,,,,,,
,,12/26/24,,,,,,,,,,
,,,,,,,,,,,,
,,,,,,,,,,,,
,,,,,,,,,,,,
,,,,,,,,,,,,
,,,,,,,,,,,,
,,,,,,,,,,,,
2017.0,,,,,,,,670.0,,,,
2019.0,,,,,,,,160446.4936,,,,
2020.0,,,,,,,,4336473.295,,,,
2021.0,,,,,,,,6422819.691,,,,
2022.0,,,,,,,,1323121.988,,,,
2022.0,,,,,,,,12422258.89,,,,
2023.0,,,,,,,,78562016.88,,,,
2023.0,,,,,,,,29040543.38,,,,
2023.0,,,,,,,,3139930.157,,,,
2023.0,,,,,,,,25885511.46,,,,
2023.0,,,,,,,,191914563.7,,,,
2024.0,,,,,,,,40689894.01,,,,
2024.0,,,,,,,,169828008.3,,,,
2024.0,,,,,,,,107319380.7,,,,
,2024-08-13,,,,,,,107319380.67600285,,,,
,2024-07-23,,,,,,,169828008.27813357,,,,
,2024-06-14,,,,,,,65529675.51362376,,,,
,2024-03-07,,,,,,,36416467.03034485,,,,
,2024-02-26,,,,,,,40689894.009676255,,,,
,2024-02-23,,,,,,,8967297.435299827,,,,
,2024-02-15,,,,,,,61622701.76076987,,,,
,2023-12-06,,,,,,,191914563.67775923,,,,
,2023-11-22,,,,,,,36601478.72385186,,,,
,2023-09-28,,,,,,,23189104.01528357,,,,
,2023-09-06,,,,,,,25885511.45892119,,,,
,2023-07-18,,,,,,,3139930.157076592,,,,
,2023-07-06,,,,,,,4120321.925142495,,,,
,2023-05-10,,,,,,,29040543.37532414,,,,
,2023-03-15,,,,,,,78562016.88093337,,,,
,2023-02-24,,,,,,,1507792.9294046576,,,,
,2022-11-28,,,,,,,8514142.895106867,,,,
,2022-07-11,,,,,,,1983620.483913066,,,,
,2022-06-22,,,,,,,1581237.6314503308,,,,
,2022-05-02,,,,,,,1489702.370287431,,,,
,2022-04-04,,,,,,,12422258.89096173,,,,
,2022-02-10,,,,,,,1323121.987770984,,,,
,2021-12-13,,,,,,,2098625.2999081025,,,,
,2021-12-08,,,,,,,3509187.152671094,,,,
,2021-10-11,,,,,,,6422819.690590306,,,,
,2021-09-10,,,,,,,989617.003428202,,,,
,2021-08-11,,,,,,,1318117.3926225128,,,,
,2021-05-28,,,,,,,455231.29410268913,,,,
,2021-05-04,,,,,,,414204.2762391135,,,,
,2021-03-01,,,,,,,252065.088,,,,
,2021-01-11,,,,,,,621402.2744829991,,,,
,2021-01-05,,,,,,,356463.0793374019,,,,
,2020-06-30,,,,,,,971708.8054969328,,,,
,2020-06-17,,,,,,,237280.0841367222,,,,
,2020-05-28,,,,,,,4336473.295238095,,,,
,2020-01-28,,,,,,,698978.5317563991,,,,
,2019-12-13,,,,,,,10697511.391817143,,,,
,2019-12-13,,,,,,,1015114.9513568868,,,,
,2019-11-11,,,,,,,141798.15156311548,,,,
,2019-11-05,,,,,,,159050.32078782454,,,,
,2019-10-30,,,,,,,381279.4742030438,,,,
,2019-10-23,,,,,,,50962.6394747676,,,,
,2019-10-23,,,,,,,231993.34287341087,,,,
,2019-09-17,,,,,,,251884.3961806452,,,,
,2019-09-17,,,,,,,216649.49140645165,,,,
,2019-07-01,,,,,,,160446.49362748646,,,,
,2019-06-01,,,,,,,35463.708809551856,,,,
,2019-05-29,,,,,,,26350.17979818512,,,,
,2019-02-14,,,,,,,11010.02469245574,,,,
,2018-09-28,,,,,,,11679.395932669682,,,,
,2018-05-02,,,,,,,221603.0719304348,,,,
,2017-07-10,,,,,,,33530.35426497278,,,,
,2016-10-07,,,,,,,20339.69746788991,,,,
,2016-09-26,,,,,,,308734.94955137616,,,,
,,,29600000000.0,,,,,107319380.67600285,,,,
,,,38000000000.0,,,,,169828008.27813357,,,,
,,,11200000000.0,,,,,40689894.009676255,,,,
,,,50000000001.0,,,,,191914563.67775923,,,,
,,,3760000000.0,,,,,25885511.45892119,,,,
,,,810000000.0,,,,,3139930.157076592,,,,
,,,7340000000.0,,,,,29040543.37532414,,,,
,,,21000000000.0,,,,,78562016.88093337,,,,
,,,2527200000.0,,,,,12422258.89096173,,,,
,,,355000000.0,,,,,1323121.987770984,,,,
,,,1170000000.0,,,,,6422819.690590306,,,,
,,,314000000.0,,,,,4336473.295238095,,,,
,,,8506700.0,,,,,160446.49362748646,,,,
,,,,,,,,,,,,
,,,,,,,,,,,,
,,,,,,,,,,,,
,,,,,,,,,,,,
,,,,,,,,,,,,
,,,,,,,,,,,,
,,,,,,,,,,,,
,,,,,,,,,,,,
,,,,,,,,,,,,
,,,,,,,,,,,,
,,,,,,,,,,,,
,,,,,,,,,,,,
,,,,,,,,,,,,
,,,,,,,,,,,,
,,,,,,,,,,,,
,,,,,,,,,,,,
,,,,,,,,,,,,
,,,,,,,,,,,,
,,,,,,,,,,,,
,,,,,,,,,,,,
,,,,,,,,,,,,
,,,,,,,,,,,,
,,,,,,,,,,,,
,,,,,,,,,,,,
,,,,,,,,,,,,
,,,,,,,,,,,,
,,,,,,,,,,,,
,,,,,,,,,,,,
,,,,,,,,,,,,
,,,,,,,,,,,,
,,,,,,,,,,,,
2003.0,,,,,,,,,,,,
2004.0,,,,,,,,,,,,
2005.0,,,,,,,,,,,,
2006.0,,,,,,,,,,,,
2007.0,,,,,,,,,,,,
2008.0,,,,,,,,,,,,
2009.0,,,,,,,,,,,,
2010.0,,,,,,,,,,,,
2011.0,,,,,,,,,,,,
2012.0,,,,,,,,,,,,
2013.0,,,,,,,,,,,,
2014.0,,,,,,,,,,,,
2015.0,,,,,,,,,,,,
2016.0,,,,,,,,,,,,
2017.0,,,,,,,,,,,,
2018.0,,,,,,,,,,,,
2019.0,,,,,,,,,,,,
2020.0,,,,,,,,,,,,
2021.0,,,,,,,,,,,,
2022.0,,,,,,,,,,,,
2023.0,,,,,,,,,,,,
2024.0,,,,,,,,,,,,
2003.0,,,,,,,,,,,,
2004.0,,,,,,,,,,,,
2005.0,,,,,,,,,,,,
2006.0,,,,,,,,,,,,
2007.0,,,,,,,,,,,,
2008.0,,,,,,,,,,,,
2009.0,,,,,,,,,,,,
2010.0,,,,,,,,,,,,
2011.0,,,,,,,,,,,,
2012.0,,,,,,,,,,,,
2013.0,,,,,,,,,,,,
2014.0,,,,,,,,,,,,
2015.0,,,,,,,,,,,,
2016.0,,,,,,,,,,,,
2017.0,,,,,,,,,,,,
2018.0,,,,,,,,,,,,
2019.0,,,,,,,,,,,,
2020.0,,,,,,,,,,,,
2021.0,,,,,,,,,,,,
2022.0,,,,,,,,,,,,
2023.0,,,,,,,,,,,,
2024.0,,,,,,,,,,,,
2003.0,,,,,,,,,,,,
2004.0,,,,,,,,,,,,
2005.0,,,,,,,,,,,,
2006.0,,,,,,,,,,,,
2007.0,,,,,,,,,,,,
2008.0,,,,,,,,,,,,
2009.0,,,,,,,,,,,,
2010.0,,,,,,,,,,,,
2011.0,,,,,,,,,,,,
2012.0,,,,,,,,,,,,
2013.0,,,,,,,,,,,,
2014.0,,,,,,,,,,,,
2015.0,,,,,,,,,,,,
2016.0,,,,,,,,,,,,
2017.0,,,,,,,,,,,,
2018.0,,,,,,,,,,,,
2019.0,,,,,,,,,,,,
2020.0,,,,,,,,,,,,
2021.0,,,,,,,,,,,,
2022.0,,,,,,,,,,,,
2023.0,,,,,,,,,,,,
2024.0,,,,,,,,,,,,
2003.0,,,,,,,,,,,,
2004.0,,,,,,,,,,,,
2005.0,,,,,,,,,,,,
2006.0,,,,,,,,,,,,
2007.0,,,,,,,,,,,,
2008.0,,,,,,,,,,,,
2009.0,,,,,,,,,,,,
2010.0,,,,,,,,,,,,
2011.0,,,,,,,,,,,,
2012.0,,,,,,,,,,,,
2013.0,,,,,,,,,,,,
2014.0,,,,,,,,,,,,
2015.0,,,,,,,,,,,,
2016.0,,,,,,,,,,,,
2017.0,,,,,,,,,,,,
2018.0,,,,,,,,,,,,
2019.0,,,,,,,,,,,,
2020.0,,,,,,,,,,,,
2021.0,,,,,,,,,,,,
2022.0,,,,,,,,,,,,
2023.0,,,,,,,,,,,,
2024.0,,,,,,,,,,,,
2003.0,,,,,,,,,,,,
2004.0,,,,,,,,,,,,
2005.0,,,,,,,,,,,,
2006.0,,,,,,,,,,,,
2007.0,,,,,,,,,,,,
2008.0,,,,,,,,,,,,
2009.0,,,,,,,,,,,,
2010.0,,,,,,,,,,,,
2011.0,,,,,,,,,,,,
2012.0,,,,,,,,,,,,
2013.0,,,,,,,,,,,,
2014.0,,,,,,,,,,,,
2015.0,,,,,,,,,,,,
2016.0,,,,,,,,,,,,
2017.0,,,,,,,,,,,,
2018.0,,,,,,,,,,,,
2019.0,,,,,,,,,,,,
2020.0,,,,,,,,,,,,
2021.0,,,,,,,,,,,,
2022.0,,,,,,,,,,,,
2023.0,,,,,,,,,,,,
2024.0,,,,,,,,,,,,
2003.0,,,,,,,,,,,,
2004.0,,,,,,,,,,,,
2005.0,,,,,,,,,,,,
2006.0,,,,,,,,,,,,
2007.0,,,,,,,,,,,,
2008.0,,,,,,,,,,,,
2009.0,,,,,,,,,,,,
2010.0,,,,,,,,,,,,
2011.0,,,,,,,,,,,,
2012.0,,,,,,,,,,,,
2013.0,,,,,,,,,,,,
2014.0,,,,,,,,,,,,
2015.0,,,,,,,,,,,,
2016.0,,,,,,,,,,,,
2017.0,,,,,,,,,,,,
2018.0,,,,,,,,,,,,
2019.0,,,,,,,,,,,,
2020.0,,,,,,,,,,,,
2021.0,,,,,,,,,,,,
2022.0,,,,,,,,,,,,
2023.0,,,,,,,,,,,,
2024.0,,,,,,,,,,,,
2003.0,,,,,,,,,,,,
2004.0,,,,,,,,,,,,
2005.0,,,,,,,,,,,,
2006.0,,,,,,,,,,,,
2007.0,,,,,,,,,,,,
2008.0,,,,,,,,,,,,
2009.0,,,,,,,,,,,,
2010.0,,,,,,,,,,,,
2011.0,,,,,,,,,,,,
2012.0,,,,,,,,,,,,
2013.0,,,,,,,,,,,,
2014.0,,,,,,,,,,,,
2015.0,,,,,,,,,,,,
2016.0,,,,,,,,,,,,
2017.0,,,,,,,,,,,,
2018.0,,,,,,,,,,,,
2019.0,,,,,,,,,,,,
2020.0,,,,,,,,,,,,
2021.0,,,,,,,,,,,,
2022.0,,,,,,,,,,,,
2023.0,,,,,,,,,,,,
2024.0,,,,,,,,,,,,
2003.0,,,,,,,,,,,,
2004.0,,,,,,,,,,,,
2005.0,,,,,,,,,,,,
2006.0,,,,,,,,,,,,
2007.0,,,,,,,,,,,,
2008.0,,,,,,,,,,,,
2009.0,,,,,,,,,,,,
2010.0,,,,,,,,,,,,
2011.0,,,,,,,,,,,,
2012.0,,,,,,,,,,,,
2013.0,,,,,,,,,,,,
2014.0,,,,,,,,,,,,
2015.0,,,,,,,,,,,,
2016.0,,,,,,,,,,,,
2017.0,,,,,,,,,,,,
2018.0,,,,,,,,,,,,
2019.0,,,,,,,,,,,,
2020.0,,,,,,,,,,,,
2021.0,,,,,,,,,,,,
2022.0,,,,,,,,,,,,
2023.0,,,,,,,,,,,,
2024.0,,,,,,,,,,,,
2003.0,,,,,,,,,,,,
2004.0,,,,,,,,,,,,
2005.0,,,,,,,,,,,,
2006.0,,,,,,,,,,,,
2007.0,,,,,,,,,,,,
2008.0,,,,,,,,,,,,
2009.0,,,,,,,,,,,,
2010.0,,,,,,,,,,,,
2011.0,,,,,,,,,,,,
2012.0,,,,,,,,,,,,
2013.0,,,,,,,,,,,,
2014.0,,,,,,,,,,,,
2015.0,,,,,,,,,,,,
2016.0,,,,,,,,,,,,
2017.0,,,,,,,,,,,,
2018.0,,,,,,,,,,,,
2019.0,,,,,,,,,,,,
2020.0,,,,,,,,,,,,
2021.0,,,,,,,,,,,,
2022.0,,,,,,,,,,,,
2023.0,,,,,,,,,,,,
2024.0,,,,,,,,,,,,
2003.0,,,,,,,,,,,,
2004.0,,,,,,,,,,,,
2005.0,,,,,,,,,,,,
2006.0,,,,,,,,,,,,
2007.0,,,,,,,,,,,,
2008.0,,,,,,,,,,,,
2009.0,,,,,,,,,,,,
2010.0,,,,,,,,,,,,
2011.0,,,,,,,,,,,,
2012.0,,,,,,,,,,,,
2013.0,,,,,,,,,,,,
2014.0,,,,,,,,,,,,
2015.0,,,,,,,,,,,,
2016.0,,,,,,,,,,,,
2017.0,,,,,,,,,,,,
2018.0,,,,,,,,,,,,
2019.0,,,,,,,,,,,,
2020.0,,,,,,,,,,,,
2021.0,,,,,,,,,,,,
2022.0,,,,,,,,,,,,
2023.0,,,,,,,,,,,,
2024.0,,,,,,,,,,,,
2003.0,,,,,,,,,,,,
2004.0,,,,,,,,,,,,
2005.0,,,,,,,,,,,,
2006.0,,,,,,,,,,,,
2007.0,,,,,,,,,,,,
2008.0,,,,,,,,,,,,
2009.0,,,,,,,,,,,,
2010.0,,,,,,,,,,,,
2011.0,,,,,,,,,,,,
2012.0,,,,,,,,,,,,
2013.0,,,,,,,,,,,,
2014.0,,,,,,,,,,,,
2015.0,,,,,,,,,,,,
2016.0,,,,,,,,,,,,
2017.0,,,,,,,,,,,,
2018.0,,,,,,,,,,,,
2019.0,,,,,,,,,,,,
2020.0,,,,,,,,,,,,
2021.0,,,,,,,,,,,,
2022.0,,,,,,,,,,,,
2023.0,,,,,,,,,,,,
2024.0,,,,,,,,,,,,
2003.0,,,,,,,,,,,,
2004.0,,,,,,,,,,,,
2005.0,,,,,,,,,,,,
2006.0,,,,,,,,,,,,
2007.0,,,,,,,,,,,,
2008.0,,,,,,,,,,,,
2009.0,,,,,,,,,,,,
2010.0,,,,,,,,,,,,
2011.0,,,,,,,,,,,,
2012.0,,,,,,,,,,,,
2013.0,,,,,,,,,,,,
2014.0,,,,,,,,,,,,
2015.0,,,,,,,,,,,,
2016.0,,,,,,,,,,,,
2017.0,,,,,,,,,,,,
2018.0,,,,,,,,,,,,
2019.0,,,,,,,,,,,,
2020.0,,,,,,,,,,,,
2021.0,,,,,,,,,,,,
2022.0,,,,,,,,,,,,
2023.0,,,,,,,,,,,,
2024.0,,,,,,,,,,,,
2003.0,,,,,,,,,,,,
2004.0,,,,,,,,,,,,
2005.0,,,,,,,,,,,,
2006.0,,,,,,,,,,,,
2007.0,,,,,,,,,,,,
2008.0,,,,,,,,,,,,
2009.0,,,,,,,,,,,,
2010.0,,,,,,,,,,,,
2011.0,,,,,,,,,,,,
2012.0,,,,,,,,,,,,
2013.0,,,,,,,,,,,,
2014.0,,,,,,,,,,,,
2015.0,,,,,,,,,,,,
2016.0,,,,,,,,,,,,
2017.0,,,,,,,,,,,,
2018.0,,,,,,,,,,,,
2019.0,,,,,,,,,,,,
2020.0,,,,,,,,,,,,
2021.0,,,,,,,,,,,,
2022.0,,,,,,,,,,,,
2023.0,,,,,,,,,,,,
2024.0,,,,,,,,,,,,
2003.0,,,,,,,,,,,,
2004.0,,,,,,,,,,,,
2005.0,,,,,,,,,,,,
2006.0,,,,,,,,,,,,
2007.0,,,,,,,,,,,,
2008.0,,,,,,,,,,,,
2009.0,,,,,,,,,,,,
2010.0,,,,,,,,,,,,
2011.0,,,,,,,,,,,,
2012.0,,,,,,,,,,,,
2013.0,,,,,,,,,,,,
2014.0,,,,,,,,,,,,
2015.0,,,,,,,,,,,,
2016.0,,,,,,,,,,,,
2017.0,,,,,,,,,,,,
2018.0,,,,,,,,,,,,
2019.0,,,,,,,,,,,,
2020.0,,,,,,,,,,,,
2021.0,,,,,,,,,,,,
2022.0,,,,,,,,,,,,
2023.0,,,,,,,,,,,,
2024.0,,,,,,,,,,,,
2003.0,,,,,,,,,,,,
2004.0,,,,,,,,,,,,
2005.0,,,,,,,,,,,,
2006.0,,,,,,,,,,,,
2007.0,,,,,,,,,,,,
2008.0,,,,,,,,,,,,
2009.0,,,,,,,,,,,,
2010.0,,,,,,,,,,,,
2011.0,,,,,,,,,,,,
2012.0,,,,,,,,,,,,
2013.0,,,,,,,,,,,,
2014.0,,,,,,,,,,,,
2015.0,,,,,,,,,,,,
2016.0,,,,,,,,,,,,
2017.0,,,,,,,,,,,,
2018.0,,,,,,,,,,,,
2019.0,,,,,,,,,,,,
2020.0,,,,,,,,,,,,
2021.0,,,,,,,,,,,,
2022.0,,,,,,,,,,,,
2023.0,,,,,,,,,,,,
2024.0,,,,,,,,,,,,
2003.0,,,,,,,,,,,,
2004.0,,,,,,,,,,,,
2005.0,,,,,,,,,,,,
2006.0,,,,,,,,,,,,
2007.0,,,,,,,,,,,,
2008.0,,,,,,,,,,,,
2009.0,,,,,,,,,,,,
2010.0,,,,,,,,,,,,
2011.0,,,,,,,,,,,,
2012.0,,,,,,,,,,,,
2013.0,,,,,,,,,,,,
2014.0,,,,,,,,,,,,
2015.0,,,,,,,,,,,,
2016.0,,,,,,,,,,,,
2017.0,,,,,,,,,,,,
2018.0,,,,,,,,,,,,
2019.0,,,,,,,,,,,,
2020.0,,,,,,,,,,,,
2021.0,,,,,,,,,,,,
2022.0,,,,,,,,,,,,
2023.0,,,,,,,,,,,,
2024.0,,,,,,,,,,,,
2003.0,,,,,,,,,,,,
2004.0,,,,,,,,,,,,
2005.0,,,,,,,,,,,,
2006.0,,,,,,,,,,,,
2007.0,,,,,,,,,,,,
2008.0,,,,,,,,,,,,
2009.0,,,,,,,,,,,,
2010.0,,,,,,,,,,,,
2011.0,,,,,,,,,,,,
2012.0,,,,,,,,,,,,
2013.0,,,,,,,,,,,,
2014.0,,,,,,,,,,,,
2015.0,,,,,,,,,,,,
2016.0,,,,,,,,,,,,
2017.0,,,,,,,,,,,,
2018.0,,,,,,,,,,,,
2019.0,,,,,,,,,,,,
2020.0,,,,,,,,,,,,
2021.0,,,,,,,,,,,,
2022.0,,,,,,,,,,,,
2023.0,,,,,,,,,,,,
2024.0,,,,,,,,,,,,
2003.0,,,,,,,,,,,,
2004.0,,,,,,,,,,,,
2005.0,,,,,,,,,,,,
2006.0,,,,,,,,,,,,
2007.0,,,,,,,,,,,,
2008.0,,,,,,,,,,,,
2009.0,,,,,,,,,,,,
2010.0,,,,,,,,,,,,
2011.0,,,,,,,,,,,,
2012.0,,,,,,,,,,,,
2013.0,,,,,,,,,,,,
2014.0,,,,,,,,,,,,
2015.0,,,,,,,,,,,,
2016.0,,,,,,,,,,,,
2017.0,,,,,,,,,,,,
2018.0,,,,,,,,,,,,
2019.0,,,,,,,,,,,,
2020.0,,,,,,,,,,,,
2021.0,,,,,,,,,,,,
2022.0,,,,,,,,,,,,
2023.0,,,,,,,,,,,,
2024.0,,,,,,,,,,,,
,,,,,,,,,,,,
,,,,,,,,,,,,
,,,,,,,,,,,,
,,,,,,,,,,,,
,,,,,,,,,,,,
,,,,,,,,,,,,
,,,,,,,,,,,,
,,,,,,,,,,,,
,,,,,,,,,,,,
,,,,,,,,,,,,
,,,,,,,,,,,,
,,,,,,,,,,,,
,,,,,,,,,,,,
,,,,,,,,,,,,
,,,,,,,,,,,,
,,,,,,,,,,,,
,,,,,,,,,,,,
,,,,,,,,,,,,
,,,,,,,,,,,,
,,,,,,,,,,,,
,,,,,,,,,,,,
,,,,,,,,,,,,
,,,,,,,,,,,,
,,,,,,,,,,,,
,,,,,,,,,,,,
,,,,,,,,,,,,
,,,,,,,,,,,,
,,,,,,,,,,,,
,,,,,,,,,,,,
,,,,,,,,,,,,
2014.0,,,,,,,,,,,,
2014.0,,,,,,,,,,,,
2015.0,,,,,,,,,,,,
2015.0,,,,,,,,,,,,
2015.0,,,,,,,,,,,,
2016.0,,,,,,,,,,,,
2016.0,,,,,,,,,,,,
2016.0,,,,,,,,,,,,
2016.0,,,,,,,,,,,,
2016.0,,,,,,,,,,,,
2017.0,,,,,,,,,,,,
2017.0,,,,,,,,,,,,
2017.0,,,,,,,,,,,,
2018.0,,,,,,,,,,,,
2018.0,,,,,,,,,,,,
2018.0,,,,,,,,,,,,
2018.0,,,,,,,,,,,,
2019.0,,,,,,,,,,,,
2019.0,,,,,,,,,,,,
2019.0,,,,,,,,,,,,
2020.0,,,,,,,,,,,,
2020.0,,,,,,,,,,,,
2020.0,,,,,,,,,,,,
2020.0,,,,,,,,,,,,
2020.0,,,,,,,,,,,,
2021.0,,,,,,,,,,,,
2021.0,,,,,,,,,,,,
2021.0,,,,,,,,,,,,
2021.0,,,,,,,,,,,,
2021.0,,,,,,,,,,,,
2021.0,,,,,,,,,,,,
2022.0,,,,,,,,,,,,
2022.0,,,,,,,,,,,,
2022.0,,,,,,,,,,,,
2022.0,,,,,,,,,,,,
2022.0,,,,,,,,,,,,
2022.0,,,,,,,,,,,,
2022.0,,,,,,,,,,,,
2023.0,,,,,,,,,,,,
2023.0,,,,,,,,,,,,
2023.0,,,,,,,,,,,,
2023.0,,,,,,,,,,,,
2023.0,,,,,,,,,,,,
2023.0,,,,,,,,,,,,
2023.0,,,,,,,,,,,,
2024.0,,,,,,,,,,,,
2024.0,,,,,,,,,,,,
2024.0,,,,,,,,,,,,
2024.0,,,,,,,,,,,,
2024.0,,,,,,,,,,,,
2024.0,,,,,,,,,,,,
2024.0,,,,,,,,,,,,
2014.0,,,,,,,,,,,,
2015.0,,,,,,,,,,,,
2016.0,,,,,,,,,,,,
2017.0,,,,,,,,,,,,
2018.0,,,,,,,,,,,,
2019.0,,,,,,,,,,,,
2020.0,,,,,,,,,,,,
2021.0,,,,,,,,,,,,
2022.0,,,,,,,,,,,,
2023.0,,,,,,,,,,,,
2024.0,,,,,,,,,,,,
2014.0,,,,,,,,,,,,
2015.0,,,,,,,,,,,,
2016.0,,,,,,,,,,,,
2017.0,,,,,,,,,,,,
2018.0,,,,,,,,,,,,
2019.0,,,,,,,,,,,,
2020.0,,,,,,,,,,,,
2021.0,,,,,,,,,,,,
2022.0,,,,,,,,,,,,
2023.0,,,,,,,,,,,,
2024.0,,,,,,,,,,,,
2014.0,,,,,,,,,,,,
2015.0,,,,,,,,,,,,
2016.0,,,,,,,,,,,,
2017.0,,,,,,,,,,,,
2018.0,,,,,,,,,,,,
2019.0,,,,,,,,,,,,
2020.0,,,,,,,,,,,,
2021.0,,,,,,,,,,,,
2022.0,,,,,,,,,,,,
2023.0,,,,,,,,,,,,
2024.0,,,,,,,,,,,,
2014.0,,,,,,,,,,,,
2015.0,,,,,,,,,,,,
2016.0,,,,,,,,,,,,
2017.0,,,,,,,,,,,,
2018.0,,,,,,,,,,,,
2019.0,,,,,,,,,,,,
2020.0,,,,,,,,,,,,
2021.0,,,,,,,,,,,,
2022.0,,,,,,,,,,,,
2023.0,,,,,,,,,,,,
2024.0,,,,,,,,,,,,
2014.0,,,,,,,,,,,,
2015.0,,,,,,,,,,,,
2016.0,,,,,,,,,,,,
2017.0,,,,,,,,,,,,
2018.0,,,,,,,,,,,,
2019.0,,,,,,,,,,,,
2020.0,,,,,,,,,,,,
2021.0,,,,,,,,,,,,
2022.0,,,,,,,,,,,,
2023.0,,,,,,,,,,,,
2024.0,,,,,,,,,,,,
2014.0,,,,,,,,,,,,
2015.0,,,,,,,,,,,,
2016.0,,,,,,,,,,,,
2017.0,,,,,,,,,,,,
2018.0,,,,,,,,,,,,
2019.0,,,,,,,,,,,,
2020.0,,,,,,,,,,,,
2021.0,,,,,,,,,,,,
2022.0,,,,,,,,,,,,
2023.0,,,,,,,,,,,,
2024.0,,,,,,,,,,,,
2014.0,,,,,,,,,,,,
2015.0,,,,,,,,,,,,
2016.0,,,,,,,,,,,,
2017.0,,,,,,,,,,,,
2018.0,,,,,,,,,,,,
2019.0,,,,,,,,,,,,
2020.0,,,,,,,,,,,,
2021.0,,,,,,,,,,,,
2022.0,,,,,,,,,,,,
2023.0,,,,,,,,,,,,
2024.0,,,,,,,,,,,,
,2024-11-18,,,,,,,,,,,
,2024-10-10,,,,,,,,,,,
,2024-06-02,,,,,,,,,,,
,2024-04-10,,,,,,,,,,,
,2024-03-18,,,,,,,,,,,
,2023-12-19,,,,,,,,,,,
,2023-12-06,,,,,,,,,,,
,2023-11-26,,,,,,,,,,,
,2023-11-09,,,,,,,,,,,
,2023-11-09,,,,,,,,,,,
,2023-09-16,,,,,,,,,,,
,2023-08-08,,,,,,,,,,,
,2023-06-13,,,,,,,,,,,
,2023-05-18,,,,,,,,,,,
,2023-03-21,,,,,,,,,,,
,2023-02-08,,,,,,,,,,,
,2023-01-10,,,,,,,,,,,
,2023-01-10,,,,,,,,,,,
,2023-01-10,,,,,,,,,,,
,2023-01-04,,,,,,,,,,,
,2023-01-04,,,,,,,,,,,
,2023-01-01,,,,,,,,,,,
,2023-01-01,,,,,,,,,,,
,2022-12-20,,,,,,,,,,,
,2022-11-08,,,,,,,,,,,
,2022-11-03,,,,,,,,,,,
,2022-11-03,,,,,,,,,,,
,2022-10-13,,,,,,,,,,,
,2022-09-20,,,,,,,,,,,
,2022-09-20,,,,,,,,,,,
,2022-09-20,,,,,,,,,,,
,2022-09-20,,,,,,,,,,,
,2022-08-22,,,,,,,,,,,
,2022-03-29,,,,,,,,,,,
,2022-03-21,,,,,,,,,,,
,2022-03-17,,,,,,,,,,,
,2022-01-01,,,,,,,,,,,
,2022-01-01,,,,,,,,,,,
,2022-01-01,,,,,,,,,,,
,2022-01-01,,,,,,,,,,,
,2021-11-08,,,,,,,,,,,
,2021-11-03,,,,,,,,,,,
,2021-11-03,,,,,,,,,,,
,2021-11-03,,,,,,,,,,,
,2021-11-03,,,,,,,,,,,
,2021-08-21,,,,,,,,,,,
,2021-04-12,,,,,,,,,,,
,2021-04-12,,,,,,,,,,,
,2021-04-12,,,,,,,,,,,
,2021-04-12,,,,,,,,,,,
,2021-03-31,,,,,,,,,,,
,2020-11-16,,,,,,,,,,,
,2020-10-05,,,,,,,,,,,
,2020-10-05,,,,,,,,,,,
,2020-09-01,,,,,,,,,,,
,2020-09-01,,,,,,,,,,,
,2020-06-22,,,,,,,,,,,
,2020-05-14,,,,,,,,,,,
,2020-03-01,,,,,,,,,,,
,2020-01-01,,,,,,,,,,,
,2019-11-26,,,,,,,,,,,
,2019-01-01,,,,,,,,,,,
,2018-11-13,,,,,,,,,,,
,2018-09-20,,,,,,,,,,,
,2018-09-13,,,,,,,,,,,
,2018-08-13,,,,,,,,,,,
,2018-08-13,,,,,,,,,,,
,2018-08-13,,,,,,,,,,,
,2018-03-27,,,,,,,,,,,
,2018-03-27,,,,,,,,,,,
,2018-03-27,,,,,,,,,,,
,2018-03-27,,,,,,,,,,,
,2018-03-27,,,,,,,,,,,
,2017-12-01,,,,,,,,,,,
,2017-07-01,,,,,,,,,,,
,2017-06-21,,,,,,,,,,,
,2017-06-21,,,,,,,,,,,
,2017-06-21,,,,,,,,,,,
,2017-05-01,,,,,,,,,,,
,2017-04-06,,,,,,,,,,,
,2017-03-10,,,,,,,,,,,
,2017-02-07,,,,,,,,,,,
,2017-02-06,,,,,,,,,,,
,2016-10-01,,,,,,,,,,,
,2016-10-01,,,,,,,,,,,
,2016-09-13,,,,,,,,,,,
,2016-09-13,,,,,,,,,,,
,2016-06-20,,,,,,,,,,,
,2016-05-27,,,,,,,,,,,
,2016-04-05,,,,,,,,,,,
,2015-11-10,,,,,,,,,,,
,2015-08-30,,,,,,,,,,,
,2015-06-29,,,,,,,,,,,
,2015-03-17,,,,,,,,,,,
,2015-01-28,,,,,,,,,,,
,2014-11-17,,,,,,,,,,,
,2014-09-19,,,,,,,,,,,
,2014-02-18,,,,,,,,,,,
,2013-11-22,,,,,,,,,,,
,2013-11-22,,,,,,,,,,,
,2013-07-23,,,,,,,,,,,
,2013-05-23,,,,,,,,,,,
,2013-03-01,,,,,,,,,,,
,2013-02-19,,,,,,,,,,,
,2012-11-12,,,,,,,,,,,
,2012-11-12,,,,,,,,,,,
,2011-07-25,,,,,,,,,,,
,2010-11-09,,,,,,,,,,,
,2008-06-16,,,,,,,,,,,
,2024-10-10,,,,,,,,,,,
,2024-06-02,,,,,,,,,,,
,2024-03-18,,,,,,,,,,,
,2024-03-12,,,,,,,,,,,
,2023-12-06,,,,,,,,,,,
,2023-11-26,,,,,,,,,,,
,2023-09-16,,,,,,,,,,,
,2023-06-13,,,,,,,,,,,
,2023-06-07,,,,,,,,,,,
,2023-02-08,,,,,,,,,,,
,2023-01-10,,,,,,,,,,,
,2023-01-10,,,,,,,,,,,
,2023-01-10,,,,,,,,,,,
,2023-01-04,,,,,,,,,,,
,2023-01-04,,,,,,,,,,,
,2023-01-01,,,,,,,,,,,
,2023-01-01,,,,,,,,,,,
,2022-12-20,,,,,,,,,,,
,2022-11-08,,,,,,,,,,,
,2022-11-03,,,,,,,,,,,
,2022-10-13,,,,,,,,,,,
,2022-09-20,,,,,,,,,,,
,2022-09-20,,,,,,,,,,,
,2022-09-20,,,,,,,,,,,
,2022-09-20,,,,,,,,,,,
,2022-03-29,,,,,,,,,,,
,2022-03-21,,,,,,,,,,,
,2022-03-17,,,,,,,,,,,
,2022-01-01,,,,,,,,,,,
,2022-01-01,,,,,,,,,,,
,2022-01-01,,,,,,,,,,,
,2022-01-01,,,,,,,,,,,
,2021-11-08,,,,,,,,,,,
,2021-11-03,,,,,,,,,,,
,2021-11-03,,,,,,,,,,,
,2021-11-03,,,,,,,,,,,
,2021-11-03,,,,,,,,,,,
,2021-08-18,,,,,,,,,,,
,2021-07-01,,,,,,,,,,,
,2021-04-20,,,,,,,,,,,
,2021-04-12,,,,,,,,,,,
,2021-04-12,,,,,,,,,,,
,2021-04-12,,,,,,,,,,,
,2021-04-12,,,,,,,,,,,
,2021-03-31,,,,,,,,,,,
,2020-11-16,,,,,,,,,,,
,2020-10-05,,,,,,,,,,,
,2020-10-05,,,,,,,,,,,
,2020-09-01,,,,,,,,,,,
,2020-09-01,,,,,,,,,,,
,2020-06-22,,,,,,,,,,,
,2020-05-14,,,,,,,,,,,
,2020-03-01,,,,,,,,,,,
,2020-01-01,,,,,,,,,,,
,2019-11-26,,,,,,,,,,,
,2019-08-23,,,,,,,,,,,
,2019-08-23,,,,,,,,,,,
,2019-01-01,,,,,,,,,,,
,2018-11-13,,,,,,,,,,,
,2018-10-10,,,,,,,,,,,
,2018-09-20,,,,,,,,,,,
,2018-09-13,,,,,,,,,,,
,2018-08-13,,,,,,,,,,,
,2018-08-13,,,,,,,,,,,
,2018-08-13,,,,,,,,,,,
,2018-03-27,,,,,,,,,,,
,2018-03-27,,,,,,,,,,,
,2018-03-27,,,,,,,,,,,
,2018-03-27,,,,,,,,,,,
,2018-03-27,,,,,,,,,,,
,2017-12-01,,,,,,,,,,,
,2017-07-01,,,,,,,,,,,
,2017-06-21,,,,,,,,,,,
,2017-06-21,,,,,,,,,,,
,2017-06-21,,,,,,,,,,,
,2017-04-06,,,,,,,,,,,
,2017-03-10,,,,,,,,,,,
,2017-02-07,,,,,,,,,,,
,2017-02-06,,,,,,,,,,,
,2016-10-01,,,,,,,,,,,
,2016-10-01,,,,,,,,,,,
,2016-09-13,,,,,,,,,,,
,2016-09-13,,,,,,,,,,,
,2016-06-20,,,,,,,,,,,
,2016-05-27,,,,,,,,,,,
,2016-04-05,,,,,,,,,,,
,2024-11-18,,,,,,,,,,,
,2024-10-10,,,,,,,,,,,
,2024-06-02,,,,,,,,,,,
,2024-03-18,,,,,,,,,,,
,2024-03-18,,,,,,,,,,,
,2023-12-19,,,,,,,,,,,
,2023-12-06,,,,,,,,,,,
,2023-11-09,,,,,,,,,,,
,2023-11-09,,,,,,,,,,,
,2023-09-16,,,,,,,,,,,
,2023-08-08,,,,,,,,,,,
,2023-06-13,,,,,,,,,,,
,2023-03-21,,,,,,,,,,,
,2023-01-04,,,,,,,,,,,
,2023-01-01,,,,,,,,,,,
,2022-11-03,,,,,,,,,,,
,2022-09-20,,,,,,,,,,,
,2022-09-20,,,,,,,,,,,
,2022-09-20,,,,,,,,,,,
,2022-08-22,,,,,,,,,,,
,2022-03-29,,,,,,,,,,,
,2021-11-08,,,,,,,,,,,
,2020-11-16,,,,,,,,,,,
,2020-10-05,,,,,,,,,,,
,2020-06-22,,,,,,,,,,,
,2020-05-14,,,,,,,,,,,
,2020-03-01,,,,,,,,,,,
,2024-11-18,,,,,,,,,,,
,2024-06-02,,,,,,,,,,,
,2024-05-14,,,,,,,,,,,
,2024-04-10,,,,,,,,,,,
,2024-03-18,,,,,,,,,,,
,2024-03-18,,,,,,,,,,,
,2023-12-19,,,,,,,,,,,
,2023-12-06,,,,,,,,,,,
,2023-12-06,,,,,,,,,,,
,2023-11-09,,,,,,,,,,,
,2023-11-09,,,,,,,,,,,
,2023-09-16,,,,,,,,,,,
,2023-08-29,,,,,,,,,,,
,2023-08-08,,,,,,,,,,,
,2023-05-18,,,,,,,,,,,
,2023-03-21,,,,,,,,,,,
,2023-01-04,,,,,,,,,,,
,2022-11-03,,,,,,,,,,,
,2022-10-13,,,,,,,,,,,
,2022-09-20,,,,,,,,,,,
,2022-09-20,,,,,,,,,,,
,2022-09-20,,,,,,,,,,,
,2022-08-22,,,,,,,,,,,
,2022-08-11,,,,,,,,,,,
,2022-03-29,,,,,,,,,,,
,2021-11-08,,,,,,,,,,,
,2021-08-21,,,,,,,,,,,
,2021-05-20,,,,,,,,,,,
,2020-11-16,,,,,,,,,,,
,2020-10-05,,,,,,,,,,,
,2020-06-22,,,,,,,,,,,
,2020-05-14,,,,,,,,,,,
,2020-03-01,,,,,,,,,,,
,2020-01-01,,,,,,,,,,,
,2019-11-26,,,,,,,,,,,
,2018-09-20,,,,,,,,,,,
,2018-05-18,,,,,,,,,,,
,2018-03-27,,,,,,,,,,,
,2018-03-27,,,,,,,,,,,
,2018-03-27,,,,,,,,,,,
,2018-03-27,,,,,,,,,,,
,2018-03-27,,,,,,,,,,,
,2017-07-01,,,,,,,,,,,
,2017-06-21,,,,,,,,,,,
,2017-06-21,,,,,,,,,,,
,2017-06-21,,,,,,,,,,,
,2017-05-01,,,,,,,,,,,
2016.0,,,,18700000000000.0,,,,,,,,
2017.0,,,,125000000000000.0,,,,,,,,
2020.0,,,,312000000000000.0,,,,,,,,
2022.0,,,,989500000000000.0,,,,,,,,
,,,,,,,,,,,,
,,,,,,,,,,,,
,,,,,,,,,,,,
,,,,,,,,,,,,
,2017-06-01,,,,,,,,,,,
,2018-02-01,,,,,,,,,,,
,2018-03-01,,,,,,,,,,,
,2018-06-01,,,,,,,,,,,
,2019-12-01,,,,,,,,,,,
,2023-11-01,,,,,,,,,,,
,2024-02-01,,,,,,,,,,,
,2024-03-01,,,,,,,,,,,
,2024-04-01,,,,,,,,,,,
,2024-06-01,,,,,,,,,,,
,2024-07-01,,,,,,,,,,,
,2024-08-01,,,,,,,,,,,
,2024-10-01,,,,,,,,,,,
,2024-12-01,,,,,,,,,,,
,2021-11-01,,,,,,,,,,,
,2021-12-01,,,,,,,,,,,
,2022-02-01,,,,,,,,,,,
,2022-03-01,,,,,,,,,,,
,2022-04-01,,,,,,,,,,,
,2022-05-01,,,,,,,,,,,
,2022-06-01,,,,,,,,,,,
,2022-09-01,,,,,,,,,,,
,2022-10-01,,,,,,,,,,,
,2023-01-01,,,,,,,,,,,
,2023-02-01,,,,,,,,,,,
,2023-05-01,,,,,,,,,,,
,2023-07-01,,,,,,,,,,,
,2023-11-01,,,,,,,,,,,
,2023-12-01,,,,,,,,,,,
,2024-02-01,,,,,,,,,,,
,2024-07-01,,,,,,,,,,,
,2017-01-01,,,,,,,,,,,
,2017-07-01,,,,,,,,,,,
,2017-08-01,,,,,,,,,,,
,2017-10-01,,,,,,,,,,,
,2017-12-01,,,,,,,,,,,
,2018-01-01,,,,,,,,,,,
,2018-02-01,,,,,,,,,,,
,2018-04-01,,,,,,,,,,,
,2018-06-01,,,,,,,,,,,
,2018-07-01,,,,,,,,,,,
,2018-10-01,,,,,,,,,,,
,2018-11-01,,,,,,,,,,,
,2019-04-01,,,,,,,,,,,
,2019-10-01,,,,,,,,,,,
,2020-12-01,,,,,,,,,,,
,2021-08-01,,,,,,,,,,,
,2022-02-01,,,,,,,,,,,
,2022-10-01,,,,,,,,,,,
,2022-12-01,,,,,,,,,,,
,2023-03-01,,,,,,,,,,,
,2023-05-01,,,,,,,,,,,
,2023-08-01,,,,,,,,,,,
,2023-09-01,,,,,,,,,,,
,2023-10-01,,,,,,,,,,,
,2023-11-01,,,,,,,,,,,
,2023-12-01,,,,,,,,,,,
,2024-07-01,,,,,,,,,,,
,2024-12-01,,,,,,,,,,,
,2018-09-01,,,,,,,,,,,
,2019-02-01,,,,,,,,,,,
,2019-03-01,,,,,,,,,,,
,2019-05-01,,,,,,,,,,,
,2019-06-01,,,,,,,,,,,
,2019-09-01,,,,,,,,,,,
,2019-10-01,,,,,,,,,,,
,2019-11-01,,,,,,,,,,,
,2019-12-01,,,,,,,,,,,
,2020-01-01,,,,,,,,,,,
,2020-02-01,,,,,,,,,,,
,2020-05-01,,,,,,,,,,,
,2020-06-01,,,,,,,,,,,
,2020-10-01,,,,,,,,,,,
,2020-11-01,,,,,,,,,,,
,2021-01-01,,,,,,,,,,,
,2021-03-01,,,,,,,,,,,
,2021-05-01,,,,,,,,,,,
,2021-06-01,,,,,,,,,,,
,2021-07-01,,,,,,,,,,,
,2021-09-01,,,,,,,,,,,
,2021-10-01,,,,,,,,,,,
,2021-11-01,,,,,,,,,,,
,2021-12-01,,,,,,,,,,,
,2022-02-01,,,,,,,,,,,
,2022-05-01,,,,,,,,,,,
,2022-06-01,,,,,,,,,,,
,2023-03-01,,,,,,,,,,,
,2024-01-01,,,,,,,,,,,
,2018-05-01,,,,,,,,,,,
,2018-08-01,,,,,,,,,,,
,2018-09-01,,,,,,,,,,,
,2019-02-01,,,,,,,,,,,
,2019-04-01,,,,,,,,,,,
,2019-07-01,,,,,,,,,,,
,2019-09-01,,,,,,,,,,,
,2019-11-01,,,,,,,,,,,
,2019-12-01,,,,,,,,,,,
,2020-02-01,,,,,,,,,,,
,2020-04-01,,,,,,,,,,,
,2020-05-01,,,,,,,,,,,
,2020-06-01,,,,,,,,,,,
,2020-09-01,,,,,,,,,,,
,2020-10-01,,,,,,,,,,,
,2020-12-01,,,,,,,,,,,
,2021-01-01,,,,,,,,,,,
,2021-02-01,,,,,,,,,,,
,2021-03-01,,,,,,,,,,,
,2021-04-01,,,,,,,,,,,
,2021-05-01,,,,,,,,,,,
,2021-06-01,,,,,,,,,,,
,2021-07-01,,,,,,,,,,,
,2021-08-01,,,,,,,,,,,
,2021-09-01,,,,,,,,,,,
,2021-11-01,,,,,,,,,,,
,2021-12-01,,,,,,,,,,,
,2022-01-01,,,,,,,,,,,
,2022-06-01,,,,,,,,,,,
,2022-07-01,,,,,,,,,,,
,2023-01-01,,,,,,,,,,,
,2023-04-01,,,,,,,,,,,
,2023-05-01,,,,,,,,,,,
,2023-07-01,,,,,,,,,,,
,2023-10-01,,,,,,,,,,,
,2023-11-01,,,,,,,,,,,
,2023-12-01,,,,,,,,,,,
,2021-04-01,,,,,,,,,,,
,2021-06-01,,,,,,,,,,,
,2021-08-01,,,,,,,,,,,
,2021-09-01,,,,,,,,,,,
,2021-10-01,,,,,,,,,,,
,2021-11-01,,,,,,,,,,,
,2021-12-01,,,,,,,,,,,
,2022-02-01,,,,,,,,,,,
,2022-04-01,,,,,,,,,,,
,2022-05-01,,,,,,,,,,,
,2022-07-01,,,,,,,,,,,
,2022-08-01,,,,,,,,,,,
,2022-10-01,,,,,,,,,,,
,2022-11-01,,,,,,,,,,,
,2023-01-01,,,,,,,,,,,
,2023-02-01,,,,,,,,,,,
,2023-03-01,,,,,,,,,,,
,2023-04-01,,,,,,,,,,,
,2023-05-01,,,,,,,,,,,
,2023-06-01,,,,,,,,,,,
,2023-07-01,,,,,,,,,,,
,2023-08-01,,,,,,,,,,,
,2023-09-01,,,,,,,,,,,
,2023-10-01,,,,,,,,,,,
,2023-11-01,,,,,,,,,,,
,2023-12-01,,,,,,,,,,,
,2024-02-01,,,,,,,,,,,
,2024-06-01,,,,,,,,,,,
,2024-10-01,,,,,,,,,,,
,2014-02-18,,,,,,,,,,,
,2014-09-19,,,,,,,,,,,
,2014-11-17,,,,,,,,,,,
,2015-01-28,,,,,,,,,,,
,2015-03-17,,,,,,,,,,,
,2015-05-15,,,,,,,,,,,
,2015-06-29,,,,,,,,,,,
,2015-08-30,,,,,,,,,,,
,2015-11-10,,,,,,,,,,,
,2016-05-27,,,,,,,,,,,
,2016-06-20,,,,,,,,,,,
,2016-09-13,,,,,,,,,,,
,2016-09-13,,,,,,,,,,,
,2016-10-01,,,,,,,,,,,
,2016-10-01,,,,,,,,,,,
,2017-02-06,,,,,,,,,,,
,2017-02-07,,,,,,,,,,,
,2017-03-10,,,,,,,,,,,
,2017-04-06,,,,,,,,,,,
,2017-06-21,,,,,,,,,,,
,2017-06-21,,,,,,,,,,,
,2017-06-21,,,,,,,,,,,
,2017-07-01,,,,,,,,,,,
,2017-12-01,,,,,,,,,,,
,2018-03-27,,,,,,,,,,,
,2018-03-27,,,,,,,,,,,
,2018-03-27,,,,,,,,,,,
,2018-03-27,,,,,,,,,,,
,2018-08-13,,,,,,,,,,,
,2018-08-13,,,,,,,,,,,
,2018-08-13,,,,,,,,,,,
,2018-09-13,,,,,,,,,,,
,2018-09-20,,,,,,,,,,,
,2018-10-10,,,,,,,,,,,
,2018-11-13,,,,,,,,,,,
,2019-01-01,,,,,,,,,,,
,2019-06-20,,,,,,,,,,,
,2019-06-20,,,,,,,,,,,
,2019-08-23,,,,,,,,,,,
,2019-08-23,,,,,,,,,,,
,2019-09-25,,,,,,,,,,,
,2019-11-19,,,,,,,,,,,
,2019-11-26,,,,,,,,,,,
,2020-01-01,,,,,,,,,,,
,2020-05-14,,,,,,,,,,,
,2020-06-22,,,,,,,,,,,
,2020-09-01,,,,,,,,,,,
,2020-09-01,,,,,,,,,,,
,2020-10-05,,,,,,,,,,,
,2020-10-05,,,,,,,,,,,
,2020-11-16,,,,,,,,,,,
,2021-01-21,,,,,,,,,,,
,2021-03-31,,,,,,,,,,,
,2021-04-12,,,,,,,,,,,
,2021-04-12,,,,,,,,,,,
,2021-04-12,,,,,,,,,,,
,2021-04-12,,,,,,,,,,,
,2021-04-20,,,,,,,,,,,
,2021-07-01,,,,,,,,,,,
,2021-08-18,,,,,,,,,,,
,2021-08-21,,,,,,,,,,,
,2021-11-03,,,,,,,,,,,
,2021-11-03,,,,,,,,,,,
,2021-11-03,,,,,,,,,,,
,2021-11-03,,,,,,,,,,,
,2021-11-08,,,,,,,,,,,
,2022-01-01,,,,,,,,,,,
,2022-01-01,,,,,,,,,,,
,2022-01-01,,,,,,,,,,,
,2022-01-01,,,,,,,,,,,
,2022-03-17,,,,,,,,,,,
,2022-03-21,,,,,,,,,,,
,2022-03-29,,,,,,,,,,,
,2022-07-01,,,,,,,,,,,
,2022-08-11,,,,,,,,,,,
,2022-08-22,,,,,,,,,,,
,2022-09-20,,,,,,,,,,,
,2022-09-20,,,,,,,,,,,
,2022-09-20,,,,,,,,,,,
,2022-10-13,,,,,,,,,,,
,2022-11-03,,,,,,,,,,,
,2022-11-03,,,,,,,,,,,
,2022-11-08,,,,,,,,,,,
,2022-12-20,,,,,,,,,,,
,2023-01-01,,,,,,,,,,,
,2023-01-01,,,,,,,,,,,
,2023-01-04,,,,,,,,,,,
,2023-01-04,,,,,,,,,,,
,2023-01-10,,,,,,,,,,,
,2023-01-10,,,,,,,,,,,
,2023-01-10,,,,,,,,,,,
,2023-02-08,,,,,,,,,,,
,2023-03-21,,,,,,,,,,,
,2023-05-18,,,,,,,,,,,
,2023-06-07,,,,,,,,,,,
,2023-06-13,,,,,,,,,,,
,2023-08-08,,,,,,,,,,,
,2023-09-16,,,,,,,,,,,
,2023-11-09,,,,,,,,,,,
,2023-11-09,,,,,,,,,,,
,2023-11-26,,,,,,,,,,,
,2023-12-06,,,,,,,,,,,
,2023-12-06,,,,,,,,,,,
,2023-12-19,,,,,,,,,,,
,2024-03-12,,,,,,,,,,,
,2024-04-10,,,,,,,,,,,
,2024-05-14,,,,,,,,,,,
,2024-10-10,,,,,,,,,,,
,2024-11-18,,,,,,,,,,,
,2016-04-05,,,,,,,,,,,
,2017-05-01,,,,,,,,,,,
,2018-03-27,,,,,,,,,,,
,2018-05-18,,,,,,,,,,,
,2020-01-01,,,,,,,,,,,
,2020-03-01,,,,,,,,,,,
,2021-05-20,,,,,,,,,,,
,2022-09-20,,,,,,,,,,,
,2023-08-29,,,,,,,,,,,
,2024-03-18,,,,,,,,,,,
,2024-03-18,,,,,,,,,,,
,2024-06-02,,,,,,,,,,,
,7/23/24,,,,,,,,,,,
,6/14/24,,,,,,,,,,,
,2/23/24,,,,,,,,,,,
,12/6/23,,,,,,,,,,,
,11/22/23,,,,,,,,,,,
,9/28/23,,,,,,,,,,,
,9/6/23,,,,,,,,,,,
,3/15/23,,,,,,,,,,,
,10/20/22,,,,,,,,,,,
,10/20/22,,,,,,,,,,,
,8/10/22,,,,,,,,,,,
,6/29/22,,,,,,,,,,,
,5/2/22,,,,,,,,,,,
,4/4/22,,,,,,,,,,,
,2/10/22,,,,,,,,,,,
,12/23/21,,,,,,,,,,,
,12/13/21,,,,,,,,,,,
,12/8/21,,,,,,,,,,,
,10/11/21,,,,,,,,,,,
,5/4/21,,,,,,,,,,,
,3/1/21,,,,,,,,,,,
,1/11/21,,,,,,,,,,,
,1/5/21,,,,,,,,,,,
,6/30/20,,,,,,,,,,,
,5/28/20,,,,,,,,,,,
,1/28/20,,,,,,,,,,,
,12/13/19,,,,,,,,,,,
,12/13/19,,,,,,,,,,,
,11/11/19,,,,,,,,,,,
,10/30/19,,,,,,,,,,,
,10/23/19,,,,,,,,,,,
,9/17/19,,,,,,,,,,,
,9/17/19,,,,,,,,,,,
,7/1/19,,,,,,,,,,,
,9/28/18,,,,,,,,,,,
,5/2/18,,,,,,,,,,,
,12/5/17,,,,,,,,,,,
,7/10/17,,,,,,,,,,,
,1/23/17,,,,,,,,,,,
,11/17/16,,,,,,,,,,,
,10/7/16,,,,,,,,,,,
,12/8/15,,,,,,,,,,,
,9/4/14,,,,,,,,,,,
,4/29/11,,,,,,,,,,,
2012.0,,,,,,,,,,0.0122,,
2014.0,,,,,,,,,,0.312,,
2018.0,,,,,,,,,,2.6,,
2019.0,,,,,,,,,,5.5,,
2020.0,,,,,,,,,,588.0,,
2021.0,,,,,,,,,,1432.0,,
2022.0,,,,,,,,,,301.0,,
2023.0,,,,,,,,,,2973.0,,
2023.0,,,,,,,,,,5184.0,,
2024.0,,,,,,,,,,597.0,,
2024.0,,,,,,,,,,8930.0,,
2012.0,,,,,,,,,,,0.0122,60000000.0
2014.0,,,,,,,,,,,0.312,138000000.0
2018.0,,,,,,,,,,,2.6,345000000.0
2019.0,,,,,,,,,,,5.5,355000000.0
2020.0,,,,,,,,,,,588.0,175000000000.0
2021.0,,,,,,,,,,,1432.0,530000000000.0
2022.0,,,,,,,,,,,301.0,130000000000.0
2023.0,,,,,,,,,,,2973.0,180000000000.0
2023.0,,,,,,,,,,,5184.0,1800000000000.0
2024.0,,,,,,,,,,,597.0,671000000000.0
2024.0,,,,,,,,,,,8930.0,405000000000.0
2010.0,,,,,,,,,,,,
2011.0,,,,,,,,,,,,
2012.0,,,,,,,,,,,,
2013.0,,,,,,,,,,,,
2014.0,,,,,,,,,,,,
2015.0,,,,,,,,,,,,
2016.0,,,,,,,,,,,,
2017.0,,,,,,,,,,,,
2018.0,,,,,,,,,,,,
2019.0,,,,,,,,,,,,
2020.0,,,,,,,,,,,,
2021.0,,,,,,,,,,,,
2022.0,,,,,,,,,,,,
2023.0,,,,,,,,,,,,
2024.0,,,,,,,,,,,,
2013.0,,,,,,,,,,,,
2015.0,,,,,,,,,,,,
2016.0,,,,,,,,,,,,
2017.0,,,,,,,,,,,,
2018.0,,,,,,,,,,,,
2019.0,,,,,,,,,,,,
2020.0,,,,,,,,,,,,
2021.0,,,,,,,,,,,,
2023.0,,,,,,,,,,,,
2024.0,,,,,,,,,,,,
2010.0,,,,,,,,,,,,
2011.0,,,,,,,,,,,,
2012.0,,,,,,,,,,,,
2013.0,,,,,,,,,,,,
2014.0,,,,,,,,,,,,
2015.0,,,,,,,,,,,,
2016.0,,,,,,,,,,,,
2017.0,,,,,,,,,,,,
2018.0,,,,,,,,,,,,
2019.0,,,,,,,,,,,,
2020.0,,,,,,,,,,,,
2021.0,,,,,,,,,,,,
2022.0,,,,,,,,,,,,
2023.0,,,,,,,,,,,,
2024.0,,,,,,,,,,,,
2010.0,,,,,,,,,,,,
2011.0,,,,,,,,,,,,
2012.0,,,,,,,,,,,,
2013.0,,,,,,,,,,,,
2014.0,,,,,,,,,,,,
2015.0,,,,,,,,,,,,
2016.0,,,,,,,,,,,,
2017.0,,,,,,,,,,,,
2018.0,,,,,,,,,,,,
2019.0,,,,,,,,,,,,
2020.0,,,,,,,,,,,,
2021.0,,,,,,,,,,,,
2022.0,,,,,,,,,,,,
2023.0,,,,,,,,,,,,
2024.0,,,,,,,,,,,,
2013.0,,,,,,,,,,,,
2014.0,,,,,,,,,,,,
2015.0,,,,,,,,,,,,
2016.0,,,,,,,,,,,,
2017.0,,,,,,,,,,,,
2018.0,,,,,,,,,,,,
2019.0,,,,,,,,,,,,
2020.0,,,,,,,,,,,,
2021.0,,,,,,,,,,,,
2022.0,,,,,,,,,,,,
2023.0,,,,,,,,,,,,
2024.0,,,,,,,,,,,,
2010.0,,,,,,,,,,,,
2011.0,,,,,,,,,,,,
2012.0,,,,,,,,,,,,
2013.0,,,,,,,,,,,,
2014.0,,,,,,,,,,,,
2015.0,,,,,,,,,,,,
2016.0,,,,,,,,,,,,
2017.0,,,,,,,,,,,,
2018.0,,,,,,,,,,,,
2019.0,,,,,,,,,,,,
2021.0,,,,,,,,,,,,
2022.0,,,,,,,,,,,,
2023.0,,,,,,,,,,,,
2024.0,,,,,,,,,,,,
2010.0,,,,,,,,,,,,
2011.0,,,,,,,,,,,,
2012.0,,,,,,,,,,,,
2013.0,,,,,,,,,,,,
2014.0,,,,,,,,,,,,
2015.0,,,,,,,,,,,,
2016.0,,,,,,,,,,,,
2017.0,,,,,,,,,,,,
2018.0,,,,,,,,,,,,
2019.0,,,,,,,,,,,,
2020.0,,,,,,,,,,,,
2021.0,,,,,,,,,,,,
2022.0,,,,,,,,,,,,
2023.0,,,,,,,,,,,,
2024.0,,,,,,,,,,,,
2010.0,,,,,,,,,,,,
2011.0,,,,,,,,,,,,
2012.0,,,,,,,,,,,,
2013.0,,,,,,,,,,,,
2014.0,,,,,,,,,,,,
2015.0,,,,,,,,,,,,
2016.0,,,,,,,,,,,,
2017.0,,,,,,,,,,,,
2018.0,,,,,,,,,,,,
2019.0,,,,,,,,,,,,
2020.0,,,,,,,,,,,,
2021.0,,,,,,,,,,,,
2022.0,,,,,,,,,,,,
2023.0,,,,,,,,,,,,
2024.0,,,,,,,,,,,,
2010.0,,,,,,,,,,,,
2011.0,,,,,,,,,,,,
2012.0,,,,,,,,,,,,
2013.0,,,,,,,,,,,,
2014.0,,,,,,,,,,,,
2015.0,,,,,,,,,,,,
2016.0,,,,,,,,,,,,
2017.0,,,,,,,,,,,,
2018.0,,,,,,,,,,,,
2019.0,,,,,,,,,,,,
2020.0,,,,,,,,,,,,
2021.0,,,,,,,,,,,,
2022.0,,,,,,,,,,,,
2023.0,,,,,,,,,,,,
2024.0,,,,,,,,,,,,
2010.0,,,,,,,,,,,,
2012.0,,,,,,,,,,,,
2014.0,,,,,,,,,,,,
2016.0,,,,,,,,,,,,
2018.0,,,,,,,,,,,,
2020.0,,,,,,,,,,,,
2021.0,,,,,,,,,,,,
2022.0,,,,,,,,,,,,
2023.0,,,,,,,,,,,,
2024.0,,,,,,,,,,,,
2011.0,,,,,,,,,,,,
2012.0,,,,,,,,,,,,
2013.0,,,,,,,,,,,,
2014.0,,,,,,,,,,,,
2015.0,,,,,,,,,,,,
2016.0,,,,,,,,,,,,
2017.0,,,,,,,,,,,,
2018.0,,,,,,,,,,,,
2019.0,,,,,,,,,,,,
2020.0,,,,,,,,,,,,
2021.0,,,,,,,,,,,,
2022.0,,,,,,,,,,,,
2023.0,,,,,,,,,,,,
2024.0,,,,,,,,,,,,
2017.0,,,,,,,,,,,,
2018.0,,,,,,,,,,,,
2019.0,,,,,,,,,,,,
2020.0,,,,,,,,,,,,
2021.0,,,,,,,,,,,,
2022.0,,,,,,,,,,,,
2023.0,,,,,,,,,,,,
2024.0,,,,,,,,,,,,
2010.0,,,,,,,,,,,,
2011.0,,,,,,,,,,,,
2012.0,,,,,,,,,,,,
2013.0,,,,,,,,,,,,
2014.0,,,,,,,,,,,,
2015.0,,,,,,,,,,,,
2016.0,,,,,,,,,,,,
2017.0,,,,,,,,,,,,
2018.0,,,,,,,,,,,,
2019.0,,,,,,,,,,,,
2020.0,,,,,,,,,,,,
2021.0,,,,,,,,,,,,
2022.0,,,,,,,,,,,,
2023.0,,,,,,,,,,,,
2024.0,,,,,,,,,,,,
2019.0,,,,,,,,,,,,
2020.0,,,,,,,,,,,,
2021.0,,,,,,,,,,,,
2022.0,,,,,,,,,,,,
2023.0,,,,,,,,,,,,
2024.0,,,,,,,,,,,,
2011.0,,,,,,,,,,,,
2013.0,,,,,,,,,,,,
2015.0,,,,,,,,,,,,
2016.0,,,,,,,,,,,,
2017.0,,,,,,,,,,,,
2018.0,,,,,,,,,,,,
2019.0,,,,,,,,,,,,
2021.0,,,,,,,,,,,,
2022.0,,,,,,,,,,,,
2023.0,,,,,,,,,,,,
2024.0,,,,,,,,,,,,
2011.0,,,,,0.001549,,,,,,,
2012.0,,,,,0.004266,,,,,,,
2013.0,,,,,0.010751,,,,,,,
2014.0,,,,,0.043764,,,,,,,
2015.0,,,,,0.096457,,,,,,,
2016.0,,,,,0.164835,,,,,,,
2017.0,,,,,0.317952,,,,,,,
2018.0,,,,,0.558098,,,,,,,
2019.0,,,,,0.844747,,,,,,,
2020.0,,,,,1.256211,,,,,,,
2021.0,,,,,1.667682,,,,,,,
2022.0,,,,,2.145938,,,,,,,
2023.0,,,,,3.084081,,,,,,,
2024.0,,,,,4.319541,,,,,,,
2011.0,,,,,,,,,,,,
2012.0,,,,,,,,,,,,
2013.0,,,,,,,,,,,,
2014.0,,,,,,,,,,,,
2015.0,,,,,,,,,,,,
2016.0,,,,,,,,,,,,
2017.0,,,,,,,,,,,,
2018.0,,,,,,,,,,,,
2019.0,,,,,,,,,,,,
2020.0,,,,,,,,,,,,
2021.0,,,,,,,,,,,,
2022.0,,,,,,,,,,,,
2023.0,,,,,,,,,,,,
2024.0,,,,,,,,,,,,
2011.0,,,,,,,,,,,,
2012.0,,,,,,,,,,,,
2013.0,,,,,,,,,,,,
2014.0,,,,,,,,,,,,
2015.0,,,,,,,,,,,,
2016.0,,,,,,,,,,,,
2017.0,,,,,,,,,,,,
2018.0,,,,,,,,,,,,
2019.0,,,,,,,,,,,,
2020.0,,,,,,,,,,,,
2021.0,,,,,,,,,,,,
2022.0,,,,,,,,,,,,
2023.0,,,,,,,,,,,,
2024.0,,,,,,,,,,,,
2011.0,,,,,,,,,,,,
2012.0,,,,,,,,,,,,
2013.0,,,,,,,,,,,,
2014.0,,,,,,,,,,,,
2015.0,,,,,,,,,,,,
2016.0,,,,,,,,,,,,
2017.0,,,,,,,,,,,,
2018.0,,,,,,,,,,,,
2019.0,,,,,,,,,,,,
2020.0,,,,,,,,,,,,
2021.0,,,,,,,,,,,,
2022.0,,,,,,,,,,,,
2023.0,,,,,,,,,,,,
2024.0,,,,,,,,,,,,
2011.0,,,,,,,,,,,,
2012.0,,,,,,,,,,,,
2013.0,,,,,,,,,,,,
2014.0,,,,,,,,,,,,
2015.0,,,,,,,,,,,,
2016.0,,,,,,,,,,,,
2017.0,,,,,,,,,,,,
2018.0,,,,,,,,,,,,
2019.0,,,,,,,,,,,,
2020.0,,,,,,,,,,,,
2021.0,,,,,,,,,,,,
2022.0,,,,,,,,,,,,
2023.0,,,,,,,,,,,,
2024.0,,,,,,,,,,,,
2011.0,,,,,,,,,,,,
2012.0,,,,,,,,,,,,
2013.0,,,,,,,,,,,,
2014.0,,,,,,,,,,,,
2015.0,,,,,,,,,,,,
2016.0,,,,,,,,,,,,
2017.0,,,,,,,,,,,,
2018.0,,,,,,,,,,,,
2019.0,,,,,,,,,,,,
2020.0,,,,,,,,,,,,
2021.0,,,,,,,,,,,,
2022.0,,,,,,,,,,,,
2023.0,,,,,,,,,,,,
2024.0,,,,,,,,,,,,
2011.0,,,,,,0.009457,,,,,,
2012.0,,,,,,0.009736,,,,,,
2013.0,,,,,,0.040977,,,,,,
2014.0,,,,,,0.091644,,,,,,
2015.0,,,,,,0.248048,,,,,,
2016.0,,,,,,0.622511,,,,,,
2017.0,,,,,,1.305543,,,,,,
2018.0,,,,,,2.219461,,,,,,
2019.0,,,,,,3.147299,,,,,,
2020.0,,,,,,4.540279,,,,,,
2021.0,,,,,,5.239594,,,,,,
2022.0,,,,,,6.343023,,,,,,
2023.0,,,,,,14.030519,,,,,,
2024.0,,,,,,17.637789,,,,,,
2011.0,,,,,,,,,4.1e-05,,,
2012.0,,,,,,,,,0.000105,,,
2013.0,,,,,,,,,0.000458,,,
2014.0,,,,,,,,,0.00229,,,
2015.0,,,,,,,,,0.009552,,,
2016.0,,,,,,,,,0.035445,,,
2017.0,,,,,,,,,0.143211,,,
2018.0,,,,,,,,,0.41932,,,
2019.0,,,,,,,,,1.004391,,,
2020.0,,,,,,,,,1.665026,,,
2021.0,,,,,,,,,2.302273,,,
2022.0,,,,,,,,,2.674983,,,
2023.0,,,,,,,,,3.193901,,,
2024.0,,,,,,,,,3.669662,,,
2011.0,,,,,,,,,2.5e-05,,,
2012.0,,,,,,,,,9.8e-05,,,
2013.0,,,,,,,,,0.000186,,,
2014.0,,,,,,,,,0.001087,,,
2015.0,,,,,,,,,0.003003,,,
2016.0,,,,,,,,,0.018705,,,
2017.0,,,,,,,,,0.060855,,,
2018.0,,,,,,,,,0.169533,,,
2019.0,,,,,,,,,0.330437,,,
2020.0,,,,,,,,,0.692632,,,
2021.0,,,,,,,,,1.191081,,,
2022.0,,,,,,,,,1.765029,,,
2023.0,,,,,,,,,2.694652,,,
2024.0,,,,,,,,,4.059525,,,
2011.0,,,,,,,,,0.002026,,,
2012.0,,,,,,,,,0.004212,,,
2013.0,,,,,,,,,0.010534,,,
2014.0,,,,,,,,,0.031059,,,
2015.0,,,,,,,,,0.078739,,,
2016.0,,,,,,,,,0.200177,,,
2017.0,,,,,,,,,0.458017,,,
2018.0,,,,,,,,,0.894046,,,
2019.0,,,,,,,,,1.513457,,,
2020.0,,,,,,,,,2.391693,,,
2021.0,,,,,,,,,3.46774,,,
2022.0,,,,,,,,,4.779066,,,
2023.0,,,,,,,,,7.206648,,,
2024.0,,,,,,,,,10.288588,,,
2011.0,,,,,,,,,0.000286,,,
2012.0,,,,,,,,,0.001105,,,
2013.0,,,,,,,,,0.007823,,,
2014.0,,,,,,,,,0.016266,,,
2015.0,,,,,,,,,0.044308,,,
2016.0,,,,,,,,,0.153434,,,
2017.0,,,,,,,,,0.42655,,,
2018.0,,,,,,,,,0.868419,,,
2019.0,,,,,,,,,1.481042,,,
2020.0,,,,,,,,,2.547432,,,
2021.0,,,,,,,,,3.891059,,,
2022.0,,,,,,,,,5.853259,,,
2023.0,,,,,,,,,10.472831,,,
2024.0,,,,,,,,,16.385384,,,
2011.0,,,,,,,,,0.007079,,,
2012.0,,,,,,,,,0.013673,,,
2013.0,,,,,,,,,0.041169,,,
2014.0,,,,,,,,,0.101112,,,
2015.0,,,,,,,,,0.26426,,,
2016.0,,,,,,,,,0.614612,,,
2017.0,,,,,,,,,1.239283,,,
2018.0,,,,,,,,,2.196059,,,
2019.0,,,,,,,,,3.365349,,,
2020.0,,,,,,,,,4.938112,,,
2021.0,,,,,,,,,6.622257,,,
2022.0,,,,,,,,,8.744798,,,
2023.0,,,,,,,,,14.279035,,,
2024.0,,,,,,,,,21.080888,,,
